rail,settlement_stage,transaction_id,entity_type,entity_id,counterparty_type,counterparty_id,credit_debit_indicator,cheque.cheque_number,cheque.amount,cheque.currency,cheque.issue_date,cheque.micr.routing_number,cheque.micr.account_number,cheque.micr.onboarded_by,cheque.micr.issuer_bank,cheque.micr.serial_number,payee.payee_name,payee.depositary_bank.bofd_routing_number,payee.depositary_bank.depositor_account_number,presentment.presentment_id,presentment.presentment_date,presentment.clearing_channel,presentment.status,validation.micr_validation,validation.amount_validation,validation.image_quality,validation.signature_verification,validation.fraud_review,validation.format_validation_details.format_validation_status,validation.format_validation_details.rejection_code,validation.format_validation_details.rejection_reason,validation.format_validation_details.field_level_errors,clearing_network_response.request_timestamp,clearing_network_response.response_received,clearing_network_response.response_timestamp,clearing_network_response.response_time_ms,clearing_network_response.expected_response_sla_ms,clearing_network_response.network_timeout_flag,clearing_network_response.response_code,file_batch_tracking.cash_letter_id,file_batch_tracking.file_ack_status,file_batch_tracking.file_ack_timestamp,file_batch_tracking.expected_settlement_timestamp,file_batch_tracking.actual_settlement_timestamp,file_batch_tracking.settlement_lag_minutes,file_batch_tracking.file_reached_settlement,retry_control.is_retry,retry_control.retry_count,retry_control.original_transaction_id,retry_control.idempotency_key,retry_control.retry_reason,retry_control.duplicate_check_status,fraud_risk_indicators.new_payee_risk.is_new_payee,fraud_risk_indicators.new_payee_risk.payee_account_first_seen_date,fraud_risk_indicators.new_payee_risk.prior_transaction_count_with_payee,fraud_risk_indicators.new_payee_risk.payee_relationship_age_days,fraud_risk_indicators.new_payee_risk.new_payee_risk_flag,fraud_risk_indicators.funnel_account_detection.beneficiary_account_number,fraud_risk_indicators.funnel_account_detection.distinct_originating_accounts_24h,fraud_risk_indicators.funnel_account_detection.distinct_originating_accounts_7d,fraud_risk_indicators.funnel_account_detection.funnel_account_flag,fraud_risk_indicators.funnel_account_detection.related_transaction_ids,fraud_risk_indicators.velocity_checks.transaction_count_1h,fraud_risk_indicators.velocity_checks.transaction_count_24h,fraud_risk_indicators.velocity_checks.cumulative_amount_24h,fraud_risk_indicators.velocity_checks.velocity_baseline_avg_24h,fraud_risk_indicators.velocity_checks.velocity_threshold_breached,fraud_risk_indicators.velocity_checks.velocity_score,fraud_risk_indicators.structuring_detection.reporting_threshold_amount,fraud_risk_indicators.structuring_detection.amount_to_threshold_ratio,fraud_risk_indicators.structuring_detection.aggregate_amount_24h_same_originator,fraud_risk_indicators.structuring_detection.related_transactions_24h,fraud_risk_indicators.structuring_detection.structuring_flag,settlement.status,settlement.settlement_date,settlement.settlement_amount,settlement.settlement_reference,account_posting.status,account_posting.posting_date,account_posting.account_entry_type,account_posting.ledger_balance.before,account_posting.ledger_balance.after,account_posting.available_balance.before,account_posting.available_balance.after,reconciliation.reconciliation_status,reconciliation.reconciliation_timestamp,reconciliation.variance_amount,reconciliation.amount_match,reconciliation.ledger_transaction_id,reconciliation.network_settlement_amount,reconciliation.ledger_posted_amount,reconciliation.network_settlement_reference,payment.payment_id,payment.transaction_id,payment.rail,payment.network,payment.message_type,payment.status,message.message_id,message.instruction_id,message.end_to_end_id,message.received_timestamp,debtor.name,debtor.account_number,debtor.bank.issuer_name,debtor.bank.routing_number,creditor.name,creditor.account_number,creditor.bank.issuer_name,creditor.bank.routing_number,creditor.bank.onboarded_by,amount.value,amount.currency,remittance.information,remittance.reference,validation.message_validation,validation.participant_validation,validation.account_validation,validation.duplicate_check,risk_compliance.fraud_status,risk_compliance.sanctions_status,risk_compliance.aml_status,risk_compliance.compliance_status,network_response_control.request_timestamp,network_response_control.response_received,network_response_control.response_timestamp,network_response_control.response_time_ms,network_response_control.expected_response_sla_ms,network_response_control.network_timeout_flag,network_response_control.response_code,processing.decision,processing.settlement_status,processing.posting_status,originating_bank.name,originating_bank.bank_role,originating_bank.routing_number,originator.name,originator.identification,originator.account_number,originator.onboarded_by,originator.issuer_bank,receiver.name,receiver.account_number,receiver.account_type,receiver.routing_number,merchant_id,payment.transaction_code,payment.credit_debit,payment.amount,payment.currency,payment.effective_entry_date,payment.company_entry_description,ach_batch.batch_id,ach_batch.sec_code,ach_batch.service_class_code,ach_batch.batch_number,ach_file.file_id,ach_file.file_creation_date,ach_file.file_creation_time,ach_file.file_id_modifier,trace.trace_number,trace.original_trace_number,validation.routing_validation,validation.format_validation,file_batch_tracking.batch_status,settlement.expected_settlement_date,timestamps.received_at,timestamps.validated_at,timestamps.settled_at,timestamps.posted_at,payment.transaction_type,payment.created_at,payment.transaction_date,payment.payment_method.type,payment.payment_method.card_brand,payment.payment_method.card_number_masked,payment.payment_method.card_funding,payment.payment_method.card_category,merchant.merchant_id,merchant.legal_name,merchant.merchant_name,merchant.merchant_location.city,merchant.merchant_location.state,merchant.merchant_location.postal_code,merchant.merchant_location.country,transaction.amount,transaction.currency,transaction.authorization.status,transaction.authorization.authorization_code,transaction.authorization.authorization_timestamp,transaction.entry.entry_mode,transaction.entry.channel,references.trace_number,references.reference_id,references.order_id,processing.authorization_status,processing.capture_status,processing.reconciliation_status,risk.fraud_status,risk.cvv_result,risk.avs_result,format_validation_details.format_validation_status,format_validation_details.rejection_code,format_validation_details.rejection_reason,format_validation_details.field_level_errors,file_batch_tracking.settlement_batch_id,fraud_risk_indicators.new_merchant_risk.is_new_merchant,fraud_risk_indicators.new_merchant_risk.merchant_first_seen_date,fraud_risk_indicators.new_merchant_risk.prior_transaction_count_with_merchant,fraud_risk_indicators.new_merchant_risk.merchant_relationship_age_days,fraud_risk_indicators.new_merchant_risk.new_merchant_risk_flag,fraud_risk_indicators.structuring_detection.aggregate_amount_24h_same_card,payment_processor_name,merchant.payment_processor_name,wire_id,network.network,network.message_type,network.received_timestamp,network.settlement_status,identifiers.uetr,identifiers.imad,identifiers.message_id,identifiers.instruction_id,identifiers.transaction_id,identifiers.end_to_end_id,payment.value_date,debtor.address.street,debtor.address.city,debtor.address.state,debtor.address.postal_code,debtor.address.country,debtor_agent.issuer_bank,debtor_agent.routing_number,creditor.onboarded_by,creditor.address.city,creditor.address.state,creditor.address.country,creditor_agent.name,creditor_agent.routing_number,processing.account_validation,processing.sanctions_screening,processing.aml_screening,processing.fraud_screening,processing.compliance_status,audit.received_timestamp
CHEQUE,PRE,CHK-MTB-100025,INDIVIDUAL,IND-0094,EXTERNAL_INDIVIDUAL,EXT-P-2897,CREDIT,LNYVB1,13595.09,USD,2026-07-31 00:00:00,292221843,6444313846,Meridian Trust Bank,Ironbridge National Bank,RQ8J2M,Amanda Ramirez,221527012,6639871127,PRES-MTB-100025,2026-07-31 00:00:00,CHECK_CLEARING,PENDING,PASSED,PASSED,PASSED,PENDING,PENDING,PASSED,,,[],2026-07-31T20:39:44Z,True,2026-07-31T20:40:00Z,3025,30000,False,51,CL-MTB-20260731-6,ACKNOWLEDGED,2026-07-31T20:44:44Z,2026-07-31T21:39:44Z,,,False,False,0,,IDEMP-CHK-MTB-100025,,PASSED,False,2024-12-16 00:00:00,28,592,False,6639871127,2,3,False,[],1,2,48000.35,22880.27,False,25,10000,1.36,17460.16,[],False,PENDING,,,,NOT_POSTED,,CREDIT,6850.52,,6850.52,,NOT_APPLICABLE,,,,,,,,,,,,,,,,,,,,,,,,,,,,,,,,,,,,,,,,,,,,,,,,,,,,,,,,,,,,,,,,,,,,,,,,,,,,,,,,,,,,,,,,,,,,,,,,,,,,,,,,,,,,,,,,,,,,,,,,,,,,,,,,,,,,,,,,,,,,,,,,,,,,,,,,,,,,,,,,
CHEQUE,PRE,CHK-MTB-100034,INDIVIDUAL,IND-0007,EXTERNAL_INDIVIDUAL,EXT-P-8052,CREDIT,F79H0D,2892.94,USD,2026-08-11 00:00:00,181307845,6799249566,Meridian Trust Bank,Ironbridge National Bank,X6N089,Maria Hernandez,975467878,211228777,PRES-MTB-100034,2026-08-11 00:00:00,CHECK_CLEARING,PENDING,PASSED,PASSED,DEGRADED,PENDING,PENDING,PASSED,,,[],2026-08-11T01:18:20Z,False,,,30000,True,,CL-MTB-20260811-7,PENDING,2026-08-11T01:23:20Z,2026-08-13T01:18:20Z,,,False,False,0,,IDEMP-CHK-MTB-100034,,PASSED,False,2025-02-09 00:00:00,14,548,False,211228777,1,5,False,[],5,13,5862.66,3538.18,True,63,10000,0.289,3015.85,[],False,PENDING,,,,NOT_POSTED,,CREDIT,16916.91,,16916.91,,NOT_APPLICABLE,,,,,,,,,,,,,,,,,,,,,,,,,,,,,,,,,,,,,,,,,,,,,,,,,,,,,,,,,,,,,,,,,,,,,,,,,,,,,,,,,,,,,,,,,,,,,,,,,,,,,,,,,,,,,,,,,,,,,,,,,,,,,,,,,,,,,,,,,,,,,,,,,,,,,,,,,,,,,,,,
CHEQUE,PRE,CHK-MTB-100029,INDIVIDUAL,IND-0003,EXTERNAL_INDIVIDUAL,EXT-P-2294,CREDIT,WCELYM,2095.7,USD,2026-07-26 00:00:00,954652321,2998950352,Meridian Trust Bank,Summit Ridge Bank,OE169J,Deborah Harris,45865729,2477183770,PRES-MTB-100029,2026-07-26 00:00:00,CHECK_CLEARING,PENDING,PASSED,PASSED,PASSED,PENDING,PENDING,PASSED,,,[],2026-07-26T05:27:21Z,True,2026-07-26T05:27:38Z,879,30000,False,0,CL-MTB-20260726-2,ACKNOWLEDGED,2026-07-26T05:32:21Z,2026-07-26T17:27:21Z,,,False,False,0,,IDEMP-CHK-MTB-100029,,PASSED,True,2026-07-26 00:00:00,0,0,True,2477183770,2,6,False,[],3,5,7999.89,4686.16,False,38,10000,0.21,1717.74,[],False,PENDING,,,,NOT_POSTED,,CREDIT,21332.52,,21332.52,,NOT_APPLICABLE,,,,,,,,,,,,,,,,,,,,,,,,,,,,,,,,,,,,,,,,,,,,,,,,,,,,,,,,,,,,,,,,,,,,,,,,,,,,,,,,,,,,,,,,,,,,,,,,,,,,,,,,,,,,,,,,,,,,,,,,,,,,,,,,,,,,,,,,,,,,,,,,,,,,,,,,,,,,,,,,
CHEQUE,PRE,CHK-MTB-100046,INDIVIDUAL,IND-0019,INDIVIDUAL,IND-0006,CREDIT,2BXK4U,447.3,USD,2026-08-17 00:00:00,725967944,8829864786,Meridian Trust Bank,Summit Ridge Bank,KP9CJ6,Maria Torres,665403133,2107816442,PRES-MTB-100046,2026-08-17 00:00:00,CHECK_CLEARING,PENDING,PASSED,PASSED,PASSED,PENDING,PENDING,PASSED,,,[],2026-08-17T12:55:20Z,True,2026-08-17T12:55:37Z,3988,30000,False,0,CL-MTB-20260817-6,ACKNOWLEDGED,2026-08-17T13:00:20Z,2026-08-18T12:55:20Z,,,False,False,0,,IDEMP-CHK-MTB-100046,,PASSED,False,2025-01-26 00:00:00,51,568,False,2107816442,1,1,False,[],3,10,1295.86,731.24,False,55,10000,0.045,362.75,[],False,PENDING,,,,NOT_POSTED,,CREDIT,8716.82,,8716.82,,NOT_APPLICABLE,,,,,,,,,,,,,,,,,,,,,,,,,,,,,,,,,,,,,,,,,,,,,,,,,,,,,,,,,,,,,,,,,,,,,,,,,,,,,,,,,,,,,,,,,,,,,,,,,,,,,,,,,,,,,,,,,,,,,,,,,,,,,,,,,,,,,,,,,,,,,,,,,,,,,,,,,,,,,,,,
CHEQUE,PRE,CHK-MTB-100083,MERCHANT,MERCH-004,INDIVIDUAL,IND-0083,CREDIT,L7JCEK,14591.22,USD,2026-06-26 00:00:00,773033783,3061977058,Vertex Commerce Pay,Ironbridge National Bank,ZEXIH4,Thomas Wright,205583559,8958863975,PRES-MTB-100083,2026-06-26 00:00:00,CHECK_CLEARING,PENDING,PASSED,PASSED,DEGRADED,PENDING,PENDING,PASSED,,,[],2026-06-26T03:24:12Z,True,2026-06-26T03:24:27Z,4173,30000,False,91,CL-MTB-20260626-7,ACKNOWLEDGED,2026-06-26T03:29:12Z,2026-06-26T04:24:12Z,,,False,False,0,,IDEMP-CHK-MTB-100083,,PASSED,False,2023-06-23 00:00:00,39,1099,False,8958863975,1,5,False,[],1,6,57048.51,26117.63,False,35,10000,1.459,15326.69,[],False,PENDING,,,,NOT_POSTED,,CREDIT,23247.81,,23247.81,,NOT_APPLICABLE,,,,,,,,,,,,,,,,,,,,,,,,,,,,,,,,,,,,,,,,,,,,,,,,,,,,,,,,,,,,,,,,,,,,,,,,,,,,,,,,,,,,,,,,,,,,,,,,,,,,,,,,,,,,,,,,,,,,,,,,,,,,,,,,,,,,,,,,,,,,,,,,,,,,,,,,,,,,,,,,
CHEQUE,PRE,CHK-MTB-100017,INDIVIDUAL,IND-0078,INDIVIDUAL,IND-0012,CREDIT,5GLZPZ,9394.37,USD,2026-08-07 00:00:00,45937232,840327782,Meridian Trust Bank,Ironbridge National Bank,RGWQ11,Betty Thompson,466197209,1357947125,PRES-MTB-100017,2026-08-07 00:00:00,CHECK_CLEARING,PENDING,PASSED,PASSED,PASSED,PENDING,PENDING,PASSED,,,[],2026-08-07T12:33:54Z,True,2026-08-07T12:34:11Z,3232,30000,False,0,CL-MTB-20260807-4,ACKNOWLEDGED,2026-08-07T12:38:54Z,2026-08-08T00:33:54Z,,,False,False,0,,IDEMP-CHK-MTB-100017,,PASSED,False,2023-12-24 00:00:00,33,957,False,1357947125,1,4,False,[],2,10,28492.76,10998.27,False,53,10000,0.939,15964.13,[],True,PENDING,,,,NOT_POSTED,,CREDIT,21883.52,,21883.52,,NOT_APPLICABLE,,,,,,,,,,,,,,,,,,,,,,,,,,,,,,,,,,,,,,,,,,,,,,,,,,,,,,,,,,,,,,,,,,,,,,,,,,,,,,,,,,,,,,,,,,,,,,,,,,,,,,,,,,,,,,,,,,,,,,,,,,,,,,,,,,,,,,,,,,,,,,,,,,,,,,,,,,,,,,,,
CHEQUE,PRE,CHK-MTB-100031,INDIVIDUAL,IND-0079,EXTERNAL_INDIVIDUAL,EXT-P-7432,CREDIT,5UXTEV,9949.3,USD,2026-07-03 00:00:00,736821228,4231602677,Meridian Trust Bank,Ironbridge National Bank,KTYIWT,Brian King,740016411,4063143830,PRES-MTB-100031,2026-07-03 00:00:00,CHECK_CLEARING,PENDING,PASSED,PASSED,PASSED,PENDING,PENDING,PASSED,,,[],2026-07-03T11:56:35Z,True,2026-07-03T11:56:38Z,1508,30000,False,5,CL-MTB-20260703-2,ACKNOWLEDGED,2026-07-03T12:01:35Z,2026-07-03T15:56:35Z,,,False,False,0,,IDEMP-CHK-MTB-100031,,PASSED,False,2025-09-23 00:00:00,8,283,False,4063143830,1,1,False,[],2,2,36366.26,15888.34,False,24,10000,0.995,10369.97,[],False,PENDING,,,,NOT_POSTED,,CREDIT,47983.48,,47983.48,,NOT_APPLICABLE,,,,,,,,,,,,,,,,,,,,,,,,,,,,,,,,,,,,,,,,,,,,,,,,,,,,,,,,,,,,,,,,,,,,,,,,,,,,,,,,,,,,,,,,,,,,,,,,,,,,,,,,,,,,,,,,,,,,,,,,,,,,,,,,,,,,,,,,,,,,,,,,,,,,,,,,,,,,,,,,
CHEQUE,PRE,CHK-MTB-100502,MERCHANT,MERCH-006,INDIVIDUAL,IND-0060,CREDIT,LWUNH3,13388.52,USD,2026-07-26 00:00:00,83941778,3264421990,Meridian Trust Bank,Summit Ridge Bank,O2L09Y,Andrew King,295832665,4239112336,PRES-MTB-100093,2026-07-26 00:00:00,CHECK_CLEARING,PENDING,PASSED,PASSED,PASSED,PENDING,PENDING,PASSED,,,[],2026-07-26T07:32:22Z,True,2026-07-26T07:32:32Z,369,30000,False,91,CL-MTB-20260726-1,ACKNOWLEDGED,2026-07-26T07:37:22Z,2026-07-26T08:32:22Z,,,False,True,1,CHK-MTB-100093,IDEMP-CHK-MTB-100093,,PASSED,True,2026-07-26 00:00:00,0,0,False,4239112336,1,2,False,[],1,8,16078.1,9807.96,False,46,10000,1.339,17055.07,[],False,PENDING,,,,NOT_POSTED,,CREDIT,19073.54,,19073.54,,NOT_APPLICABLE,,,,,,,,,,,,,,,,,,,,,,,,,,,,,,,,,,,,,,,,,,,,,,,,,,,,,,,,,,,,,,,,,,,,,,,,,,,,,,,,,,,,,,,,,,,,,,,,,,,,,,,,,,,,,,,,,,,,,,,,,,,,,,,,,,,,,,,,,,,,,,,,,,,,,,,,,,,,,,,,
CHEQUE,PRE,CHK-MTB-100011,INDIVIDUAL,IND-0054,EXTERNAL_INDIVIDUAL,EXT-P-5287,CREDIT,S36I9J,1310.76,USD,2026-07-06 00:00:00,986391286,1167646993,Meridian Trust Bank,Cascade Point Bank,3809DC,Maria Thompson,473591663,3243471665,PRES-MTB-100011,2026-07-06 00:00:00,CHECK_CLEARING,PENDING,PASSED,PASSED,PASSED,PENDING,PENDING,PASSED,,,[],2026-07-06T17:03:05Z,True,2026-07-06T17:03:11Z,2319,30000,False,0,CL-MTB-20260706-3,ACKNOWLEDGED,2026-07-06T17:08:05Z,2026-07-06T18:03:05Z,,,False,False,0,,IDEMP-CHK-MTB-100011,,PASSED,False,2023-11-07 00:00:00,29,972,False,3243471665,5,8,True,[],3,11,4263.14,1794.67,True,55,10000,0.131,1250.67,[],False,PENDING,,,,NOT_POSTED,,CREDIT,39882,,39882,,NOT_APPLICABLE,,,,,,,,,,,,,,,,,,,,,,,,,,,,,,,,,,,,,,,,,,,,,,,,,,,,,,,,,,,,,,,,,,,,,,,,,,,,,,,,,,,,,,,,,,,,,,,,,,,,,,,,,,,,,,,,,,,,,,,,,,,,,,,,,,,,,,,,,,,,,,,,,,,,,,,,,,,,,,,,
CHEQUE,PRE,CHK-MTB-100032,INDIVIDUAL,IND-0063,EXTERNAL_INDIVIDUAL,EXT-P-5521,CREDIT,HJFI1G,12914.29,USD,2026-07-04 00:00:00,193912102,318009757,Meridian Trust Bank,Ironbridge National Bank,LOGX8T,Charles Ramirez,167592475,7176340023,PRES-MTB-100032,2026-07-04 00:00:00,CHECK_CLEARING,PENDING,PASSED,PASSED,PASSED,PENDING,PENDING,PASSED,,,[],2026-07-04T01:00:06Z,True,2026-07-04T01:00:09Z,3592,30000,False,0,CL-MTB-20260704-3,ACKNOWLEDGED,2026-07-04T01:05:06Z,2026-07-06T01:00:06Z,,,False,False,0,,IDEMP-CHK-MTB-100032,,PASSED,True,2026-07-04 00:00:00,0,0,False,7176340023,1,2,False,[],5,15,20218.61,13153.01,False,72,10000,1.291,16019.63,[],False,PENDING,,,,NOT_POSTED,,CREDIT,16553.61,,16553.61,,NOT_APPLICABLE,,,,,,,,,,,,,,,,,,,,,,,,,,,,,,,,,,,,,,,,,,,,,,,,,,,,,,,,,,,,,,,,,,,,,,,,,,,,,,,,,,,,,,,,,,,,,,,,,,,,,,,,,,,,,,,,,,,,,,,,,,,,,,,,,,,,,,,,,,,,,,,,,,,,,,,,,,,,,,,,
CHEQUE,PRE,CHK-MTB-100066,MERCHANT,MERCH-010,EXTERNAL_INDIVIDUAL,EXT-P-8951,CREDIT,WN0S6K,50.92,USD,2026-07-21 00:00:00,736878797,4806704660,Vertex Commerce Pay,Summit Ridge Bank,1QWHEL,Kathleen Torres,663685532,6805524600,PRES-MTB-100066,2026-07-21 00:00:00,CHECK_CLEARING,PENDING,PASSED,PASSED,PASSED,PENDING,PENDING,PASSED,,,[],2026-07-21T08:24:28Z,True,2026-07-21T08:24:37Z,2876,30000,False,0,CL-MTB-20260721-7,ACKNOWLEDGED,2026-07-21T08:29:28Z,2026-07-21T09:24:28Z,,,False,False,0,,IDEMP-CHK-MTB-100066,,PASSED,False,2025-10-16 00:00:00,2,278,False,6805524600,2,6,False,[],5,10,186.46,65.97,False,64,10000,0.005,47.19,[],False,PENDING,,,,NOT_POSTED,,CREDIT,9080.38,,9080.38,,NOT_APPLICABLE,,,,,,,,,,,,,,,,,,,,,,,,,,,,,,,,,,,,,,,,,,,,,,,,,,,,,,,,,,,,,,,,,,,,,,,,,,,,,,,,,,,,,,,,,,,,,,,,,,,,,,,,,,,,,,,,,,,,,,,,,,,,,,,,,,,,,,,,,,,,,,,,,,,,,,,,,,,,,,,,
CHEQUE,PRE,CHK-MTB-100028,INDIVIDUAL,IND-0017,EXTERNAL_INDIVIDUAL,EXT-P-7360,CREDIT,4TYTDB,5131.3,USD,2026-07-02 00:00:00,426090318,1575918344,Meridian Trust Bank,Ironbridge National Bank,UBLE0F,Michael Clark,261200042,6153325304,PRES-MTB-100028,2026-07-02 00:00:00,CHECK_CLEARING,PENDING,PASSED,PASSED,PASSED,PENDING,PENDING,PASSED,,,[],2026-07-02T10:13:16Z,True,2026-07-02T10:13:33Z,3395,30000,False,0,CL-MTB-20260702-7,ACKNOWLEDGED,2026-07-02T10:18:16Z,2026-07-03T10:13:16Z,,,False,False,0,,IDEMP-CHK-MTB-100028,,PASSED,False,2023-11-12 00:00:00,46,963,False,6153325304,8,8,True,[],1,2,13477,5715.38,False,24,10000,0.513,5557.55,[],False,PENDING,,,,NOT_POSTED,,CREDIT,15899.98,,15899.98,,NOT_APPLICABLE,,,,,,,,,,,,,,,,,,,,,,,,,,,,,,,,,,,,,,,,,,,,,,,,,,,,,,,,,,,,,,,,,,,,,,,,,,,,,,,,,,,,,,,,,,,,,,,,,,,,,,,,,,,,,,,,,,,,,,,,,,,,,,,,,,,,,,,,,,,,,,,,,,,,,,,,,,,,,,,,
CHEQUE,PRE,CHK-MTB-100016,INDIVIDUAL,IND-0094,EXTERNAL_INDIVIDUAL,EXT-P-4567,CREDIT,DFDYEM,424.78,USD,2026-08-09 00:00:00,991093373,6444313846,Meridian Trust Bank,Summit Ridge Bank,8FONYZ,Kathleen Walker,553775857,4128877464,PRES-MTB-100016,2026-08-09 00:00:00,CHECK_CLEARING,PENDING,PASSED,PASSED,DEGRADED,PENDING,PENDING,PASSED,,,[],2026-08-09T16:55:42Z,True,2026-08-09T16:55:58Z,1933,30000,False,0,CL-MTB-20260809-1,ACKNOWLEDGED,2026-08-09T17:00:42Z,2026-08-10T16:55:42Z,,,False,False,0,,IDEMP-CHK-MTB-100016,,PASSED,False,2024-12-19 00:00:00,21,598,False,4128877464,1,4,False,[],1,4,1051,479.32,False,26,10000,0.042,396.48,[],False,PENDING,,,,NOT_POSTED,,CREDIT,6412.11,,6412.11,,NOT_APPLICABLE,,,,,,,,,,,,,,,,,,,,,,,,,,,,,,,,,,,,,,,,,,,,,,,,,,,,,,,,,,,,,,,,,,,,,,,,,,,,,,,,,,,,,,,,,,,,,,,,,,,,,,,,,,,,,,,,,,,,,,,,,,,,,,,,,,,,,,,,,,,,,,,,,,,,,,,,,,,,,,,,
CHEQUE,PRE,CHK-MTB-100086,MERCHANT,MERCH-008,EXTERNAL_INDIVIDUAL,EXT-P-6902,CREDIT,AP42TI,9320.37,USD,2026-07-30 00:00:00,855699440,454372367,BrightLedger Payments,Cascade Point Bank,9OYZH6,Ronald Taylor,731727624,9701506798,PRES-MTB-100086,2026-07-30 00:00:00,CHECK_CLEARING,PENDING,PASSED,PASSED,PASSED,PENDING,PENDING,PASSED,,,[],2026-07-30T23:12:13Z,True,2026-07-30T23:12:15Z,2529,30000,False,0,CL-MTB-20260730-8,ACKNOWLEDGED,2026-07-30T23:17:13Z,2026-07-31T00:12:13Z,,,False,False,0,,IDEMP-CHK-MTB-100086,,PASSED,True,2026-07-30 00:00:00,0,0,True,9701506798,8,8,False,[],5,15,22067.04,9551.46,True,76,10000,0.932,10626.86,[],True,PENDING,,,,NOT_POSTED,,CREDIT,5608.26,,5608.26,,NOT_APPLICABLE,,,,,,,,,,,,,,,,,,,,,,,,,,,,,,,,,,,,,,,,,,,,,,,,,,,,,,,,,,,,,,,,,,,,,,,,,,,,,,,,,,,,,,,,,,,,,,,,,,,,,,,,,,,,,,,,,,,,,,,,,,,,,,,,,,,,,,,,,,,,,,,,,,,,,,,,,,,,,,,,
CHEQUE,PRE,CHK-MTB-100038,INDIVIDUAL,IND-0072,EXTERNAL_INDIVIDUAL,EXT-P-7931,CREDIT,5K54SG,774.48,USD,2026-08-14 00:00:00,380049432,612553261,Meridian Trust Bank,Ironbridge National Bank,PTIARZ,Richard Smith,220350242,8117016502,PRES-MTB-100038,2026-08-14 00:00:00,CHECK_CLEARING,PENDING,FAILED,PASSED,PASSED,PENDING,PENDING,FAILED,E204,Invalid SEC/transaction code,['E204'],2026-08-14T21:59:41Z,True,2026-08-14T21:59:48Z,3885,30000,False,5,CL-MTB-20260814-7,REJECTED,2026-08-14T22:04:41Z,2026-08-15T09:59:41Z,,,False,False,0,,IDEMP-CHK-MTB-100038,,PASSED,False,2023-11-20 00:00:00,16,998,False,8117016502,1,4,False,[],1,1,2902.63,970.18,False,18,10000,0.077,875.44,[],False,NOT_SUBMITTED,,,,NOT_POSTED,,CREDIT,33048.47,,33048.47,,NOT_APPLICABLE,,,,,,,,,,,,,,,,,,,,,,,,,,,,,,,,,,,,,,,,,,,,,,,,,,,,,,,,,,,,,,,,,,,,,,,,,,,,,,,,,,,,,,,,,,,,,,,,,,,,,,,,,,,,,,,,,,,,,,,,,,,,,,,,,,,,,,,,,,,,,,,,,,,,,,,,,,,,,,,,
CHEQUE,PRE,CHK-MTB-100068,MERCHANT,MERCH-004,EXTERNAL_INDIVIDUAL,EXT-P-9349,CREDIT,D7YR74,151.37,USD,2026-07-13 00:00:00,780495928,3061977058,Vertex Commerce Pay,Ironbridge National Bank,FR0SZJ,Daniel Scott,151241646,8170549141,PRES-MTB-100068,2026-07-13 00:00:00,CHECK_CLEARING,PENDING,PASSED,PASSED,PASSED,PENDING,PENDING,PASSED,,,[],2026-07-13T12:12:32Z,True,2026-07-13T12:12:43Z,2917,30000,False,0,CL-MTB-20260713-6,ACKNOWLEDGED,2026-07-13T12:17:32Z,2026-07-14T00:12:32Z,,,False,False,0,,IDEMP-CHK-MTB-100068,,PASSED,False,2023-07-02 00:00:00,22,1107,False,8170549141,1,4,False,[],2,3,578.85,227.92,False,30,10000,0.015,148.27,[],False,PENDING,,,,NOT_POSTED,,CREDIT,43684.52,,43684.52,,NOT_APPLICABLE,,,,,,,,,,,,,,,,,,,,,,,,,,,,,,,,,,,,,,,,,,,,,,,,,,,,,,,,,,,,,,,,,,,,,,,,,,,,,,,,,,,,,,,,,,,,,,,,,,,,,,,,,,,,,,,,,,,,,,,,,,,,,,,,,,,,,,,,,,,,,,,,,,,,,,,,,,,,,,,,
CHEQUE,PRE,CHK-MTB-100075,MERCHANT,MERCH-007,EXTERNAL_INDIVIDUAL,EXT-P-3802,CREDIT,8S8W4T,1400.1,USD,2026-08-15 00:00:00,300972497,702250308,BrightLedger Payments,Ironbridge National Bank,O9JK0I,Charles Torres,157593364,5470274243,PRES-MTB-100075,2026-08-15 00:00:00,CHECK_CLEARING,PENDING,PASSED,PASSED,PASSED,PENDING,PENDING,PASSED,,,[],2026-08-15T22:34:35Z,True,2026-08-15T22:34:36Z,4292,30000,False,5,CL-MTB-20260815-3,ACKNOWLEDGED,2026-08-15T22:39:35Z,2026-08-16T10:34:35Z,,,False,False,0,,IDEMP-CHK-MTB-100075,,PASSED,True,2026-08-15 00:00:00,0,0,True,5470274243,5,9,True,[],1,8,2213.02,900.92,False,47,10000,0.14,1734.39,[],False,PENDING,,,,NOT_POSTED,,CREDIT,7154.33,,7154.33,,NOT_APPLICABLE,,,,,,,,,,,,,,,,,,,,,,,,,,,,,,,,,,,,,,,,,,,,,,,,,,,,,,,,,,,,,,,,,,,,,,,,,,,,,,,,,,,,,,,,,,,,,,,,,,,,,,,,,,,,,,,,,,,,,,,,,,,,,,,,,,,,,,,,,,,,,,,,,,,,,,,,,,,,,,,,
CHEQUE,PRE,CHK-MTB-100074,MERCHANT,MERCH-008,EXTERNAL_INDIVIDUAL,EXT-P-1563,CREDIT,NVKFPF,1331.47,USD,2026-08-19 00:00:00,15603971,454372367,BrightLedger Payments,Ironbridge National Bank,OKTKBM,Timothy Williams,261519341,1950091499,PRES-MTB-100074,2026-08-19 00:00:00,CHECK_CLEARING,PENDING,PASSED,PASSED,PASSED,PENDING,PENDING,PASSED,,,[],2026-08-19T00:50:47Z,True,2026-08-19T00:50:56Z,4371,30000,False,0,CL-MTB-20260819-2,ACKNOWLEDGED,2026-08-19T00:55:47Z,2026-08-21T00:50:47Z,,,False,False,0,,IDEMP-CHK-MTB-100074,,PASSED,False,2025-04-15 00:00:00,46,491,False,1950091499,1,2,False,[],1,3,5794.35,2091.85,False,29,10000,0.133,1348.11,[],False,PENDING,,,,NOT_POSTED,,CREDIT,16868.37,,16868.37,,NOT_APPLICABLE,,,,,,,,,,,,,,,,,,,,,,,,,,,,,,,,,,,,,,,,,,,,,,,,,,,,,,,,,,,,,,,,,,,,,,,,,,,,,,,,,,,,,,,,,,,,,,,,,,,,,,,,,,,,,,,,,,,,,,,,,,,,,,,,,,,,,,,,,,,,,,,,,,,,,,,,,,,,,,,,
CHEQUE,PRE,CHK-MTB-100080,MERCHANT,MERCH-009,INDIVIDUAL,IND-0014,CREDIT,4VYHRX,1196.12,USD,2026-07-31 00:00:00,926412061,9446335263,Northstar Payment Solutions,Summit Ridge Bank,752U83,Mark Smith,508408595,9308699046,PRES-MTB-100080,2026-07-31 00:00:00,CHECK_CLEARING,PENDING,PASSED,PASSED,PASSED,PENDING,PENDING,PASSED,,,[],2026-07-31T15:47:38Z,True,2026-07-31T15:47:41Z,2098,30000,False,0,CL-MTB-20260731-5,ACKNOWLEDGED,2026-07-31T15:52:38Z,2026-08-01T15:47:38Z,,,False,False,0,,IDEMP-CHK-MTB-100080,,PASSED,False,2024-03-08 00:00:00,33,875,False,9308699046,8,12,True,[],1,5,2148.89,1103,False,39,10000,0.12,1317.01,[],False,PENDING,,,,NOT_POSTED,,CREDIT,27311.19,,27311.19,,NOT_APPLICABLE,,,,,,,,,,,,,,,,,,,,,,,,,,,,,,,,,,,,,,,,,,,,,,,,,,,,,,,,,,,,,,,,,,,,,,,,,,,,,,,,,,,,,,,,,,,,,,,,,,,,,,,,,,,,,,,,,,,,,,,,,,,,,,,,,,,,,,,,,,,,,,,,,,,,,,,,,,,,,,,,
CHEQUE,PRE,CHK-MTB-100067,MERCHANT,MERCH-003,EXTERNAL_INDIVIDUAL,EXT-P-3851,CREDIT,MTCXIN,1697.88,USD,2026-08-02 00:00:00,297446686,8112126311,Northstar Payment Solutions,Cascade Point Bank,FEC2GB,Charles Jackson,705022590,8738977431,PRES-MTB-100067,2026-08-02 00:00:00,CHECK_CLEARING,PENDING,PASSED,PASSED,PASSED,PENDING,PENDING,PASSED,,,[],2026-08-02T21:03:02Z,True,2026-08-02T21:03:10Z,951,30000,False,0,CL-MTB-20260802-7,ACKNOWLEDGED,2026-08-02T21:08:02Z,2026-08-03T01:03:02Z,,,False,False,0,,IDEMP-CHK-MTB-100067,,PASSED,True,2026-08-02 00:00:00,0,0,False,8738977431,3,6,False,[],2,8,4895.71,2614.69,False,41,10000,0.17,1533.34,[],False,PENDING,,,,NOT_POSTED,,CREDIT,49183.12,,49183.12,,NOT_APPLICABLE,,,,,,,,,,,,,,,,,,,,,,,,,,,,,,,,,,,,,,,,,,,,,,,,,,,,,,,,,,,,,,,,,,,,,,,,,,,,,,,,,,,,,,,,,,,,,,,,,,,,,,,,,,,,,,,,,,,,,,,,,,,,,,,,,,,,,,,,,,,,,,,,,,,,,,,,,,,,,,,,
CHEQUE,PRE,CHK-MTB-100014,INDIVIDUAL,IND-0074,INDIVIDUAL,IND-0066,CREDIT,O6CY2Z,3316.22,USD,2026-07-15 00:00:00,196953960,4103944553,Meridian Trust Bank,Cascade Point Bank,RC9MT1,William Jackson,354308509,2524706591,PRES-MTB-100014,2026-07-15 00:00:00,CHECK_CLEARING,PENDING,PASSED,PASSED,PASSED,PENDING,PENDING,PASSED,,,[],2026-07-15T01:46:26Z,True,2026-07-15T01:46:41Z,2393,30000,False,91,CL-MTB-20260715-2,ACKNOWLEDGED,2026-07-15T01:51:26Z,2026-07-15T13:46:26Z,,,False,False,0,,IDEMP-CHK-MTB-100014,,PASSED,True,2026-07-15 00:00:00,0,0,False,2524706591,8,11,True,[],5,12,4182.23,2893.82,False,57,10000,0.332,2692.41,[],False,PENDING,,,,NOT_POSTED,,CREDIT,36174.74,,36174.74,,NOT_APPLICABLE,,,,,,,,,,,,,,,,,,,,,,,,,,,,,,,,,,,,,,,,,,,,,,,,,,,,,,,,,,,,,,,,,,,,,,,,,,,,,,,,,,,,,,,,,,,,,,,,,,,,,,,,,,,,,,,,,,,,,,,,,,,,,,,,,,,,,,,,,,,,,,,,,,,,,,,,,,,,,,,,
CHEQUE,PRE,CHK-MTB-100064,MERCHANT,MERCH-001,EXTERNAL_INDIVIDUAL,EXT-P-7899,CREDIT,FFSUVH,2022.97,USD,2026-08-19 00:00:00,746964928,2813398050,Meridian Trust Bank,Cascade Point Bank,GTPILH,Lisa Hill,293446051,1739073469,PRES-MTB-100064,2026-08-19 00:00:00,CHECK_CLEARING,PENDING,PASSED,PASSED,PASSED,PENDING,PENDING,PASSED,,,[],2026-08-19T02:42:16Z,True,2026-08-19T02:42:19Z,3048,30000,False,5,CL-MTB-20260819-4,ACKNOWLEDGED,2026-08-19T02:47:16Z,2026-08-20T02:42:16Z,,,False,False,0,,IDEMP-CHK-MTB-100064,,PASSED,False,2026-04-05 00:00:00,46,136,False,1739073469,2,3,False,[],1,11,2484.12,1234.73,True,55,10000,0.202,2587.01,[],False,PENDING,,,,NOT_POSTED,,CREDIT,32315.03,,32315.03,,NOT_APPLICABLE,,,,,,,,,,,,,,,,,,,,,,,,,,,,,,,,,,,,,,,,,,,,,,,,,,,,,,,,,,,,,,,,,,,,,,,,,,,,,,,,,,,,,,,,,,,,,,,,,,,,,,,,,,,,,,,,,,,,,,,,,,,,,,,,,,,,,,,,,,,,,,,,,,,,,,,,,,,,,,,,
CHEQUE,PRE,CHK-MTB-100039,INDIVIDUAL,IND-0098,INDIVIDUAL,IND-0078,CREDIT,DF7S33,320.46,USD,2026-07-16 00:00:00,304928332,8260179870,Meridian Trust Bank,Summit Ridge Bank,SGSGMB,Deborah Davis,228926106,840327782,PRES-MTB-100039,2026-07-16 00:00:00,CHECK_CLEARING,PENDING,PASSED,PASSED,PASSED,PENDING,PENDING,PASSED,,,[],2026-07-16T23:59:57Z,True,2026-07-17T00:00:07Z,2968,30000,False,0,CL-MTB-20260716-1,ACKNOWLEDGED,2026-07-17T00:04:57Z,2026-07-17T23:59:57Z,,,False,False,0,,IDEMP-CHK-MTB-100039,,PASSED,False,2025-03-20 00:00:00,13,483,False,840327782,5,7,False,[],2,10,1277.16,622.02,False,52,10000,0.032,343.5,[],False,PENDING,,,,NOT_POSTED,,CREDIT,32953.17,,32953.17,,NOT_APPLICABLE,,,,,,,,,,,,,,,,,,,,,,,,,,,,,,,,,,,,,,,,,,,,,,,,,,,,,,,,,,,,,,,,,,,,,,,,,,,,,,,,,,,,,,,,,,,,,,,,,,,,,,,,,,,,,,,,,,,,,,,,,,,,,,,,,,,,,,,,,,,,,,,,,,,,,,,,,,,,,,,,
CHEQUE,PRE,CHK-MTB-100053,MERCHANT,MERCH-010,EXTERNAL_INDIVIDUAL,EXT-P-8395,DEBIT,WQM8OE,1873.34,USD,2026-08-10 00:00:00,48770626,4806704660,Vertex Commerce Pay,Cascade Point Bank,4KM4LN,Ronald Flores,55806114,5532930077,PRES-MTB-100053,2026-08-10 00:00:00,CHECK_CLEARING,PENDING,PASSED,PASSED,PASSED,PENDING,PENDING,PASSED,,,[],2026-08-10T18:59:21Z,False,,,30000,True,,CL-MTB-20260810-4,PENDING,2026-08-10T19:04:21Z,2026-08-10T19:59:21Z,,,False,False,0,,IDEMP-CHK-MTB-100053,,PASSED,False,2026-06-02 00:00:00,48,69,False,5532930077,3,4,False,[],1,10,4767.11,3146.27,False,50,10000,0.187,2202.19,[],False,PENDING,,,,NOT_POSTED,,DEBIT,15474.95,,15474.95,,NOT_APPLICABLE,,,,,,,,,,,,,,,,,,,,,,,,,,,,,,,,,,,,,,,,,,,,,,,,,,,,,,,,,,,,,,,,,,,,,,,,,,,,,,,,,,,,,,,,,,,,,,,,,,,,,,,,,,,,,,,,,,,,,,,,,,,,,,,,,,,,,,,,,,,,,,,,,,,,,,,,,,,,,,,,
CHEQUE,PRE,CHK-MTB-100054,MERCHANT,MERCH-005,EXTERNAL_INDIVIDUAL,EXT-P-2045,CREDIT,70MZ8B,554.19,USD,2026-07-07 00:00:00,425736505,2260323791,Meridian Trust Bank,Ironbridge National Bank,ME1GY9,Timothy Thomas,826608406,6524362136,PRES-MTB-100054,2026-07-07 00:00:00,CHECK_CLEARING,PENDING,PASSED,PASSED,PASSED,PENDING,PENDING,PASSED,,,[],2026-07-07T00:35:35Z,True,2026-07-07T00:35:54Z,3226,30000,False,0,CL-MTB-20260707-6,ACKNOWLEDGED,2026-07-07T00:40:35Z,2026-07-08T00:35:35Z,,,False,False,0,,IDEMP-CHK-MTB-100054,,PASSED,True,2026-07-07 00:00:00,0,0,False,6524362136,5,5,True,[],3,4,1418.46,627.7,False,28,10000,0.055,580.93,[],False,PENDING,,,,NOT_POSTED,,CREDIT,48931.96,,48931.96,,NOT_APPLICABLE,,,,,,,,,,,,,,,,,,,,,,,,,,,,,,,,,,,,,,,,,,,,,,,,,,,,,,,,,,,,,,,,,,,,,,,,,,,,,,,,,,,,,,,,,,,,,,,,,,,,,,,,,,,,,,,,,,,,,,,,,,,,,,,,,,,,,,,,,,,,,,,,,,,,,,,,,,,,,,,,
CHEQUE,PRE,CHK-MTB-100096,MERCHANT,MERCH-010,INDIVIDUAL,IND-0090,CREDIT,1DMYYH,14572.11,USD,2026-07-30 00:00:00,490416232,4806704660,Vertex Commerce Pay,Summit Ridge Bank,2O95BJ,Michael Thompson,781920970,9016374129,PRES-MTB-100096,2026-07-30 00:00:00,CHECK_CLEARING,PENDING,PASSED,PASSED,DEGRADED,PENDING,PENDING,PASSED,,,[],2026-07-30T10:38:59Z,True,2026-07-30T10:39:10Z,1351,30000,False,0,CL-MTB-20260730-9,ACKNOWLEDGED,2026-07-30T10:43:59Z,2026-08-01T10:38:59Z,,,False,False,0,,IDEMP-CHK-MTB-100096,,PASSED,False,2024-07-07 00:00:00,21,753,False,9016374129,1,2,False,[],2,10,20367.57,10306.99,False,55,10000,1.457,15728.71,[],False,PENDING,,,,NOT_POSTED,,CREDIT,32138.74,,32138.74,,NOT_APPLICABLE,,,,,,,,,,,,,,,,,,,,,,,,,,,,,,,,,,,,,,,,,,,,,,,,,,,,,,,,,,,,,,,,,,,,,,,,,,,,,,,,,,,,,,,,,,,,,,,,,,,,,,,,,,,,,,,,,,,,,,,,,,,,,,,,,,,,,,,,,,,,,,,,,,,,,,,,,,,,,,,,
CHEQUE,PRE,CHK-MTB-100099,MERCHANT,MERCH-002,INDIVIDUAL,IND-0030,CREDIT,J2JVUW,1906.79,USD,2026-08-17 00:00:00,94393719,5123580257,Vertex Commerce Pay,Ironbridge National Bank,8T7VC7,Matthew Brown,273540249,6094968993,PRES-MTB-100099,2026-08-17 00:00:00,CHECK_CLEARING,PENDING,PASSED,PASSED,PASSED,PENDING,PENDING,PASSED,,,[],2026-08-17T11:40:54Z,True,2026-08-17T11:40:55Z,2135,30000,False,0,CL-MTB-20260817-2,ACKNOWLEDGED,2026-08-17T11:45:54Z,2026-08-17T12:40:54Z,,,False,False,0,,IDEMP-CHK-MTB-100099,,PASSED,False,2025-07-23 00:00:00,39,390,False,6094968993,1,5,False,[],2,2,3577.7,1499.89,False,22,10000,0.191,2108.16,[],False,PENDING,,,,NOT_POSTED,,CREDIT,24929.69,,24929.69,,NOT_APPLICABLE,,,,,,,,,,,,,,,,,,,,,,,,,,,,,,,,,,,,,,,,,,,,,,,,,,,,,,,,,,,,,,,,,,,,,,,,,,,,,,,,,,,,,,,,,,,,,,,,,,,,,,,,,,,,,,,,,,,,,,,,,,,,,,,,,,,,,,,,,,,,,,,,,,,,,,,,,,,,,,,,
CHEQUE,PRE,CHK-MTB-100007,INDIVIDUAL,IND-0037,EXTERNAL_INDIVIDUAL,EXT-P-6972,CREDIT,RNVNC0,2132.03,USD,2026-08-11 00:00:00,545092480,3216194873,Meridian Trust Bank,Cascade Point Bank,W5OL09,Michelle Smith,600757401,5046259863,PRES-MTB-100007,2026-08-11 00:00:00,CHECK_CLEARING,PENDING,PASSED,PASSED,PASSED,PENDING,PENDING,PASSED,,,[],2026-08-11T00:09:14Z,True,2026-08-11T00:09:20Z,2579,30000,False,91,CL-MTB-20260811-1,ACKNOWLEDGED,2026-08-11T00:14:14Z,2026-08-11T01:09:14Z,,,False,False,0,,IDEMP-CHK-MTB-100007,,PASSED,False,2023-12-14 00:00:00,12,971,False,5046259863,1,3,False,[],2,10,3953.99,1443.86,False,55,10000,0.213,2586.61,[],False,PENDING,,,,NOT_POSTED,,CREDIT,19754.77,,19754.77,,NOT_APPLICABLE,,,,,,,,,,,,,,,,,,,,,,,,,,,,,,,,,,,,,,,,,,,,,,,,,,,,,,,,,,,,,,,,,,,,,,,,,,,,,,,,,,,,,,,,,,,,,,,,,,,,,,,,,,,,,,,,,,,,,,,,,,,,,,,,,,,,,,,,,,,,,,,,,,,,,,,,,,,,,,,,
CHEQUE,PRE,CHK-MTB-100088,MERCHANT,MERCH-004,EXTERNAL_INDIVIDUAL,EXT-P-2118,CREDIT,QADMTL,9830.34,USD,2026-08-04 00:00:00,483126374,3061977058,Vertex Commerce Pay,Summit Ridge Bank,J52HE3,Melissa Gonzalez,20642908,8738347039,PRES-MTB-100088,2026-08-04 00:00:00,CHECK_CLEARING,PENDING,PASSED,PASSED,PASSED,PENDING,PENDING,PASSED,,,[],2026-08-04T08:28:37Z,True,2026-08-04T08:28:41Z,4079,30000,False,0,CL-MTB-20260804-2,ACKNOWLEDGED,2026-08-04T08:33:37Z,2026-08-04T20:28:37Z,,,False,False,0,,IDEMP-CHK-MTB-100088,,PASSED,False,2023-10-23 00:00:00,3,1016,False,8738347039,3,5,False,[],5,12,25309.19,11068.89,True,59,10000,0.983,12553.12,[],False,PENDING,,,,NOT_POSTED,,CREDIT,7609.56,,7609.56,,NOT_APPLICABLE,,,,,,,,,,,,,,,,,,,,,,,,,,,,,,,,,,,,,,,,,,,,,,,,,,,,,,,,,,,,,,,,,,,,,,,,,,,,,,,,,,,,,,,,,,,,,,,,,,,,,,,,,,,,,,,,,,,,,,,,,,,,,,,,,,,,,,,,,,,,,,,,,,,,,,,,,,,,,,,,
CHEQUE,PRE,CHK-MTB-100052,MERCHANT,MERCH-006,EXTERNAL_INDIVIDUAL,EXT-P-5203,CREDIT,SAFBFY,1333.99,USD,2026-08-09 00:00:00,498262307,3264421990,Meridian Trust Bank,Ironbridge National Bank,J34HKV,Richard Anderson,574598071,7130060084,PRES-MTB-100052,2026-08-09 00:00:00,CHECK_CLEARING,PENDING,PASSED,PASSED,PASSED,PENDING,PENDING,PASSED,,,[],2026-08-09T01:29:10Z,True,2026-08-09T01:29:12Z,2256,30000,False,0,CL-MTB-20260809-5,ACKNOWLEDGED,2026-08-09T01:34:10Z,2026-08-10T01:29:10Z,,,False,False,0,,IDEMP-CHK-MTB-100052,,PASSED,False,2024-06-01 00:00:00,56,799,False,7130060084,1,5,False,[],2,5,4459.53,1658.62,False,35,10000,0.133,1563.87,[],False,PENDING,,,,NOT_POSTED,,CREDIT,6318.13,,6318.13,,NOT_APPLICABLE,,,,,,,,,,,,,,,,,,,,,,,,,,,,,,,,,,,,,,,,,,,,,,,,,,,,,,,,,,,,,,,,,,,,,,,,,,,,,,,,,,,,,,,,,,,,,,,,,,,,,,,,,,,,,,,,,,,,,,,,,,,,,,,,,,,,,,,,,,,,,,,,,,,,,,,,,,,,,,,,
CHEQUE,PRE,CHK-MTB-100071,MERCHANT,MERCH-006,INDIVIDUAL,IND-0047,CREDIT,GG9VHW,2460.09,USD,2026-06-29 00:00:00,216720583,3264421990,Meridian Trust Bank,Ironbridge National Bank,TWP2LJ,Barbara Scott,304686532,7999633628,PRES-MTB-100071,2026-06-29 00:00:00,CHECK_CLEARING,PENDING,PASSED,PASSED,PASSED,PENDING,PENDING,PASSED,,,[],2026-06-29T13:35:16Z,True,2026-06-29T13:35:26Z,4111,30000,False,0,CL-MTB-20260629-6,ACKNOWLEDGED,2026-06-29T13:40:16Z,2026-06-29T17:35:16Z,,,False,False,0,,IDEMP-CHK-MTB-100071,,PASSED,False,2023-08-29 00:00:00,23,1035,False,7999633628,3,5,False,[],1,2,11003.63,5472.97,False,20,10000,0.246,2624.74,[],False,PENDING,,,,NOT_POSTED,,CREDIT,14959.67,,14959.67,,NOT_APPLICABLE,,,,,,,,,,,,,,,,,,,,,,,,,,,,,,,,,,,,,,,,,,,,,,,,,,,,,,,,,,,,,,,,,,,,,,,,,,,,,,,,,,,,,,,,,,,,,,,,,,,,,,,,,,,,,,,,,,,,,,,,,,,,,,,,,,,,,,,,,,,,,,,,,,,,,,,,,,,,,,,,
CHEQUE,PRE,CHK-MTB-100512,MERCHANT,MERCH-009,INDIVIDUAL,IND-0014,CREDIT,4VYHRX,1196.12,USD,2026-07-31 00:00:00,926412061,9446335263,Northstar Payment Solutions,Summit Ridge Bank,752U83,Mark Smith,508408595,9308699046,PRES-MTB-100080,2026-07-31 00:00:00,CHECK_CLEARING,PENDING,PASSED,PASSED,PASSED,PENDING,PENDING,PASSED,,,[],2026-07-31T15:47:38Z,True,2026-07-31T15:47:41Z,2098,30000,False,0,CL-MTB-20260731-5,ACKNOWLEDGED,2026-07-31T15:52:38Z,2026-08-01T15:47:38Z,,,False,True,1,CHK-MTB-100080,IDEMP-CHK-MTB-100080,,FLAGGED,False,2024-03-08 00:00:00,33,875,False,9308699046,8,12,True,[],1,5,2148.89,1103,False,39,10000,0.12,1317.01,[],False,PENDING,,,,NOT_POSTED,,CREDIT,27311.19,,27311.19,,NOT_APPLICABLE,,,,,,,,,,,,,,,,,,,,,,,,,,,,,,,,,,,,,,,,,,,,,,,,,,,,,,,,,,,,,,,,,,,,,,,,,,,,,,,,,,,,,,,,,,,,,,,,,,,,,,,,,,,,,,,,,,,,,,,,,,,,,,,,,,,,,,,,,,,,,,,,,,,,,,,,,,,,,,,,
CHEQUE,PRE,CHK-MTB-100506,MERCHANT,MERCH-010,EXTERNAL_INDIVIDUAL,EXT-P-8578,CREDIT,EHEQQV,13307.19,USD,2026-08-08 00:00:00,28415908,4806704660,Vertex Commerce Pay,Ironbridge National Bank,4WQZWK,David Brown,731461457,9951216586,PRES-MTB-100094,2026-08-08 00:00:00,CHECK_CLEARING,PENDING,PASSED,PASSED,PASSED,PENDING,PENDING,PASSED,,,[],2026-08-08T15:23:31Z,True,2026-08-08T15:23:49Z,4088,30000,False,0,CL-MTB-20260808-6,ACKNOWLEDGED,2026-08-08T15:28:31Z,2026-08-09T03:23:31Z,,,False,True,1,CHK-MTB-100094,IDEMP-CHK-MTB-100094,,FLAGGED,False,2025-08-11 00:00:00,10,362,False,9951216586,1,2,False,[],1,5,14514.01,6335.81,False,37,10000,1.331,16038.37,[],False,PENDING,,,,NOT_POSTED,,CREDIT,34746.22,,34746.22,,NOT_APPLICABLE,,,,,,,,,,,,,,,,,,,,,,,,,,,,,,,,,,,,,,,,,,,,,,,,,,,,,,,,,,,,,,,,,,,,,,,,,,,,,,,,,,,,,,,,,,,,,,,,,,,,,,,,,,,,,,,,,,,,,,,,,,,,,,,,,,,,,,,,,,,,,,,,,,,,,,,,,,,,,,,,
CHEQUE,PRE,CHK-MTB-100037,INDIVIDUAL,IND-0084,EXTERNAL_INDIVIDUAL,EXT-P-9805,DEBIT,49PLW7,8376.73,USD,2026-08-02 00:00:00,62131818,5383925378,Meridian Trust Bank,Cascade Point Bank,H5XSJN,Charles Hernandez,717535996,2078505999,PRES-MTB-100037,2026-08-02 00:00:00,CHECK_CLEARING,PENDING,PASSED,PASSED,DEGRADED,PENDING,PENDING,PASSED,,,[],2026-08-02T14:02:20Z,True,2026-08-02T14:02:28Z,2569,30000,False,0,CL-MTB-20260802-4,ACKNOWLEDGED,2026-08-02T14:07:20Z,2026-08-03T02:02:20Z,,,False,False,0,,IDEMP-CHK-MTB-100037,,PASSED,False,2025-01-31 00:00:00,59,548,False,2078505999,1,2,False,[],1,5,18533.29,7853.33,False,37,10000,0.838,7472.6,[],False,PENDING,,,,NOT_POSTED,,DEBIT,38280.01,,38280.01,,NOT_APPLICABLE,,,,,,,,,,,,,,,,,,,,,,,,,,,,,,,,,,,,,,,,,,,,,,,,,,,,,,,,,,,,,,,,,,,,,,,,,,,,,,,,,,,,,,,,,,,,,,,,,,,,,,,,,,,,,,,,,,,,,,,,,,,,,,,,,,,,,,,,,,,,,,,,,,,,,,,,,,,,,,,,
CHEQUE,PRE,CHK-MTB-100060,MERCHANT,MERCH-008,EXTERNAL_INDIVIDUAL,EXT-P-7692,CREDIT,S4GU03,924.7,USD,2026-07-05 00:00:00,354246239,454372367,BrightLedger Payments,Ironbridge National Bank,602BBT,Timothy Torres,271535679,2479819204,PRES-MTB-100060,2026-07-05 00:00:00,CHECK_CLEARING,PENDING,PASSED,PASSED,PASSED,PENDING,PENDING,PASSED,,,[],2026-07-05T04:10:33Z,True,2026-07-05T04:10:38Z,3440,30000,False,0,CL-MTB-20260705-7,ACKNOWLEDGED,2026-07-05T04:15:33Z,2026-07-05T08:10:33Z,,,False,False,0,,IDEMP-CHK-MTB-100060,,PASSED,False,2024-03-22 00:00:00,30,835,False,2479819204,3,5,False,[],1,11,2858.62,1876.38,False,58,10000,0.092,829.36,[],False,PENDING,,,,NOT_POSTED,,CREDIT,35279.53,,35279.53,,NOT_APPLICABLE,,,,,,,,,,,,,,,,,,,,,,,,,,,,,,,,,,,,,,,,,,,,,,,,,,,,,,,,,,,,,,,,,,,,,,,,,,,,,,,,,,,,,,,,,,,,,,,,,,,,,,,,,,,,,,,,,,,,,,,,,,,,,,,,,,,,,,,,,,,,,,,,,,,,,,,,,,,,,,,,
CHEQUE,PRE,CHK-MTB-100092,MERCHANT,MERCH-003,INDIVIDUAL,IND-0090,CREDIT,6P1PVN,9495.04,USD,2026-08-05 00:00:00,495569282,8112126311,Northstar Payment Solutions,Summit Ridge Bank,YAYPEW,Michael Thompson,600862122,9016374129,PRES-MTB-100092,2026-08-05 00:00:00,CHECK_CLEARING,PENDING,PASSED,PASSED,DEGRADED,PENDING,PENDING,PASSED,,,[],2026-08-05T07:14:08Z,True,2026-08-05T07:14:10Z,3660,30000,False,0,CL-MTB-20260805-1,ACKNOWLEDGED,2026-08-05T07:19:08Z,2026-08-05T19:14:08Z,,,False,False,0,,IDEMP-CHK-MTB-100092,,PASSED,False,2024-01-11 00:00:00,19,937,False,9016374129,1,3,False,[],3,8,30680.37,12028.12,False,49,10000,0.95,12643.75,[],True,PENDING,,,,NOT_POSTED,,CREDIT,19382.12,,19382.12,,NOT_APPLICABLE,,,,,,,,,,,,,,,,,,,,,,,,,,,,,,,,,,,,,,,,,,,,,,,,,,,,,,,,,,,,,,,,,,,,,,,,,,,,,,,,,,,,,,,,,,,,,,,,,,,,,,,,,,,,,,,,,,,,,,,,,,,,,,,,,,,,,,,,,,,,,,,,,,,,,,,,,,,,,,,,
CHEQUE,PRE,CHK-MTB-100047,INDIVIDUAL,IND-0020,EXTERNAL_INDIVIDUAL,EXT-P-5962,CREDIT,X6UIL1,402.78,USD,2026-06-28 00:00:00,187074829,8367262775,Meridian Trust Bank,Summit Ridge Bank,4K14N5,Kathleen Davis,332790630,7739405620,PRES-MTB-100047,2026-06-28 00:00:00,CHECK_CLEARING,PENDING,PASSED,PASSED,DEGRADED,PENDING,PENDING,PASSED,,,[],2026-06-28T09:38:36Z,True,2026-06-28T09:38:40Z,920,30000,False,0,CL-MTB-20260628-1,ACKNOWLEDGED,2026-06-28T09:43:36Z,2026-06-29T09:38:36Z,,,False,False,0,,IDEMP-CHK-MTB-100047,,PASSED,False,2024-12-12 00:00:00,30,563,False,7739405620,1,4,False,[],2,2,1729.57,758.36,False,19,10000,0.04,398.82,[],False,PENDING,,,,NOT_POSTED,,CREDIT,27029.7,,27029.7,,NOT_APPLICABLE,,,,,,,,,,,,,,,,,,,,,,,,,,,,,,,,,,,,,,,,,,,,,,,,,,,,,,,,,,,,,,,,,,,,,,,,,,,,,,,,,,,,,,,,,,,,,,,,,,,,,,,,,,,,,,,,,,,,,,,,,,,,,,,,,,,,,,,,,,,,,,,,,,,,,,,,,,,,,,,,
CHEQUE,PRE,CHK-MTB-100040,INDIVIDUAL,IND-0091,EXTERNAL_INDIVIDUAL,EXT-P-9143,CREDIT,KW076T,1461.73,USD,2026-07-04 00:00:00,897965928,8072465285,Meridian Trust Bank,Ironbridge National Bank,RCF2LI,Betty Miller,131390962,590793040,PRES-MTB-100040,2026-07-04 00:00:00,CHECK_CLEARING,PENDING,PASSED,PASSED,PASSED,PENDING,PENDING,PASSED,,,[],2026-07-04T19:16:55Z,True,2026-07-04T19:17:11Z,1425,30000,False,0,CL-MTB-20260704-8,ACKNOWLEDGED,2026-07-04T19:21:55Z,2026-07-05T07:16:55Z,,,False,False,0,,IDEMP-CHK-MTB-100040,,PASSED,True,2026-07-04 00:00:00,0,0,False,590793040,3,7,False,[],1,2,3592.99,1213.18,False,29,10000,0.146,1211.18,[],False,PENDING,,,,NOT_POSTED,,CREDIT,37301.11,,37301.11,,NOT_APPLICABLE,,,,,,,,,,,,,,,,,,,,,,,,,,,,,,,,,,,,,,,,,,,,,,,,,,,,,,,,,,,,,,,,,,,,,,,,,,,,,,,,,,,,,,,,,,,,,,,,,,,,,,,,,,,,,,,,,,,,,,,,,,,,,,,,,,,,,,,,,,,,,,,,,,,,,,,,,,,,,,,,
CHEQUE,PRE,CHK-MTB-100085,MERCHANT,MERCH-003,INDIVIDUAL,IND-0026,CREDIT,2SN96M,2514.83,USD,2026-07-15 00:00:00,689829261,8112126311,Northstar Payment Solutions,Summit Ridge Bank,13D4Y8,Kathleen Clark,132142345,3953571611,PRES-MTB-100085,2026-07-15 00:00:00,CHECK_CLEARING,PENDING,PASSED,PASSED,PASSED,PENDING,PENDING,PASSED,,,[],2026-07-15T01:13:38Z,False,,,30000,True,,CL-MTB-20260715-1,PENDING,2026-07-15T01:18:38Z,2026-07-15T02:13:38Z,,,False,False,0,,IDEMP-CHK-MTB-100085,,PASSED,False,2023-04-09 00:00:00,20,1193,False,3953571611,3,6,False,[],1,8,5646.56,1938.76,False,50,10000,0.251,2944.57,[],False,PENDING,,,,NOT_POSTED,,CREDIT,6983.35,,6983.35,,NOT_APPLICABLE,,,,,,,,,,,,,,,,,,,,,,,,,,,,,,,,,,,,,,,,,,,,,,,,,,,,,,,,,,,,,,,,,,,,,,,,,,,,,,,,,,,,,,,,,,,,,,,,,,,,,,,,,,,,,,,,,,,,,,,,,,,,,,,,,,,,,,,,,,,,,,,,,,,,,,,,,,,,,,,,
CHEQUE,PRE,CHK-MTB-100041,INDIVIDUAL,IND-0091,EXTERNAL_INDIVIDUAL,EXT-P-6737,CREDIT,ZMYWB1,7457.99,USD,2026-07-09 00:00:00,194953497,8072465285,Meridian Trust Bank,Cascade Point Bank,KZF2PQ,David Torres,46409879,6429456892,PRES-MTB-100041,2026-07-09 00:00:00,CHECK_CLEARING,PENDING,PASSED,PASSED,PASSED,PENDING,PENDING,PASSED,,,[],2026-07-09T15:55:31Z,True,2026-07-09T15:55:38Z,2936,30000,False,0,CL-MTB-20260709-6,ACKNOWLEDGED,2026-07-09T16:00:31Z,2026-07-11T15:55:31Z,,,False,False,0,,IDEMP-CHK-MTB-100041,,PASSED,False,2025-06-28 00:00:00,59,376,False,6429456892,1,5,False,[],2,5,24781.82,9240.78,False,38,10000,0.746,7270.95,[],False,PENDING,,,,NOT_POSTED,,CREDIT,11738.4,,11738.4,,NOT_APPLICABLE,,,,,,,,,,,,,,,,,,,,,,,,,,,,,,,,,,,,,,,,,,,,,,,,,,,,,,,,,,,,,,,,,,,,,,,,,,,,,,,,,,,,,,,,,,,,,,,,,,,,,,,,,,,,,,,,,,,,,,,,,,,,,,,,,,,,,,,,,,,,,,,,,,,,,,,,,,,,,,,,
CHEQUE,PRE,CHK-MTB-100023,INDIVIDUAL,IND-0089,INDIVIDUAL,IND-0082,CREDIT,WRSG3W,3390.07,USD,2026-07-26 00:00:00,298929368,4430016252,Meridian Trust Bank,Cascade Point Bank,6VRCJT,Donna Nguyen,551920975,1966677558,PRES-MTB-100023,2026-07-26 00:00:00,CHECK_CLEARING,PENDING,PASSED,PASSED,PASSED,PENDING,PENDING,PASSED,,,[],2026-07-26T18:15:54Z,True,2026-07-26T18:16:06Z,3547,30000,False,91,CL-MTB-20260726-4,ACKNOWLEDGED,2026-07-26T18:20:54Z,2026-07-26T19:15:54Z,,,False,False,0,,IDEMP-CHK-MTB-100023,,PASSED,True,2026-07-26 00:00:00,0,0,True,1966677558,1,1,False,[],2,10,6540.67,3572.84,False,57,10000,0.339,3772.55,[],False,PENDING,,,,NOT_POSTED,,CREDIT,34931.28,,34931.28,,NOT_APPLICABLE,,,,,,,,,,,,,,,,,,,,,,,,,,,,,,,,,,,,,,,,,,,,,,,,,,,,,,,,,,,,,,,,,,,,,,,,,,,,,,,,,,,,,,,,,,,,,,,,,,,,,,,,,,,,,,,,,,,,,,,,,,,,,,,,,,,,,,,,,,,,,,,,,,,,,,,,,,,,,,,,
CHEQUE,PRE,CHK-MTB-100089,MERCHANT,MERCH-004,EXTERNAL_INDIVIDUAL,EXT-P-2525,CREDIT,BG3HX4,303.1,USD,2026-07-07 00:00:00,217048689,3061977058,Vertex Commerce Pay,Ironbridge National Bank,HYVRYU,Rebecca Jones,427632121,1479283932,PRES-MTB-100089,2026-07-07 00:00:00,CHECK_CLEARING,PENDING,PASSED,PASSED,PASSED,PENDING,PENDING,PASSED,,,[],2026-07-07T06:32:31Z,True,2026-07-07T06:32:41Z,3955,30000,False,0,CL-MTB-20260707-3,ACKNOWLEDGED,2026-07-07T06:37:31Z,2026-07-07T10:32:31Z,,,False,False,0,,IDEMP-CHK-MTB-100089,,PASSED,True,2026-07-07 00:00:00,0,0,False,1479283932,2,5,False,[],5,9,638.76,478.94,False,48,10000,0.03,288.35,[],False,PENDING,,,,NOT_POSTED,,CREDIT,32319.59,,32319.59,,NOT_APPLICABLE,,,,,,,,,,,,,,,,,,,,,,,,,,,,,,,,,,,,,,,,,,,,,,,,,,,,,,,,,,,,,,,,,,,,,,,,,,,,,,,,,,,,,,,,,,,,,,,,,,,,,,,,,,,,,,,,,,,,,,,,,,,,,,,,,,,,,,,,,,,,,,,,,,,,,,,,,,,,,,,,
CHEQUE,PRE,CHK-MTB-100020,INDIVIDUAL,IND-0050,EXTERNAL_INDIVIDUAL,EXT-P-5708,DEBIT,V2N7DZ,10158.89,USD,2026-08-17 00:00:00,419212314,3331981298,Meridian Trust Bank,Cascade Point Bank,QHBB5V,Joshua Lopez,897933550,1464872758,PRES-MTB-100020,2026-08-17 00:00:00,CHECK_CLEARING,PENDING,PASSED,PASSED,PASSED,PENDING,PENDING,PASSED,,,[],2026-08-17T02:19:24Z,True,2026-08-17T02:19:25Z,2886,30000,False,0,CL-MTB-20260817-9,ACKNOWLEDGED,2026-08-17T02:24:24Z,2026-08-17T14:19:24Z,,,False,False,0,,IDEMP-CHK-MTB-100020,,PASSED,False,2024-09-16 00:00:00,6,700,False,1464872758,5,8,False,[],1,4,20355.15,9265.24,False,33,10000,1.016,8919.82,[],False,PENDING,,,,NOT_POSTED,,DEBIT,4648.21,,4648.21,,NOT_APPLICABLE,,,,,,,,,,,,,,,,,,,,,,,,,,,,,,,,,,,,,,,,,,,,,,,,,,,,,,,,,,,,,,,,,,,,,,,,,,,,,,,,,,,,,,,,,,,,,,,,,,,,,,,,,,,,,,,,,,,,,,,,,,,,,,,,,,,,,,,,,,,,,,,,,,,,,,,,,,,,,,,,
CHEQUE,PRE,CHK-MTB-100010,INDIVIDUAL,IND-0009,EXTERNAL_INDIVIDUAL,EXT-P-1252,CREDIT,GRIXX1,729.6,USD,2026-08-11 00:00:00,580582239,4744602484,Meridian Trust Bank,Ironbridge National Bank,SLJVBN,David Brown,389777129,1793922339,PRES-MTB-100010,2026-08-11 00:00:00,CHECK_CLEARING,PENDING,PASSED,PASSED,DEGRADED,PENDING,PENDING,PASSED,,,[],2026-08-11T09:16:14Z,True,2026-08-11T09:16:17Z,2461,30000,False,5,CL-MTB-20260811-9,ACKNOWLEDGED,2026-08-11T09:21:14Z,2026-08-11T10:16:14Z,,,False,False,0,,IDEMP-CHK-MTB-100010,,PASSED,False,2025-08-10 00:00:00,42,366,False,1793922339,1,5,False,[],5,13,2323.02,824.05,True,75,10000,0.073,803.93,[],False,PENDING,,,,NOT_POSTED,,CREDIT,12855.79,,12855.79,,NOT_APPLICABLE,,,,,,,,,,,,,,,,,,,,,,,,,,,,,,,,,,,,,,,,,,,,,,,,,,,,,,,,,,,,,,,,,,,,,,,,,,,,,,,,,,,,,,,,,,,,,,,,,,,,,,,,,,,,,,,,,,,,,,,,,,,,,,,,,,,,,,,,,,,,,,,,,,,,,,,,,,,,,,,,
CHEQUE,PRE,CHK-MTB-100030,INDIVIDUAL,IND-0077,EXTERNAL_INDIVIDUAL,EXT-P-6594,CREDIT,3366OD,8497.26,USD,2026-07-02 00:00:00,628074259,1634242160,Meridian Trust Bank,Cascade Point Bank,YBG5BW,Susan Williams,286281954,346543596,PRES-MTB-100030,2026-07-02 00:00:00,CHECK_CLEARING,PENDING,PASSED,PASSED,PASSED,PENDING,PENDING,PASSED,,,[],2026-07-02T23:29:03Z,True,2026-07-02T23:29:11Z,2759,30000,False,0,CL-MTB-20260702-3,ACKNOWLEDGED,2026-07-02T23:34:03Z,2026-07-04T23:29:03Z,,,False,False,0,,IDEMP-CHK-MTB-100030,,PASSED,True,2026-07-02 00:00:00,0,0,True,346543596,3,4,False,[],1,8,20577.91,8868.21,False,49,10000,0.85,6883.92,[],False,PENDING,,,,NOT_POSTED,,CREDIT,3474.7,,3474.7,,NOT_APPLICABLE,,,,,,,,,,,,,,,,,,,,,,,,,,,,,,,,,,,,,,,,,,,,,,,,,,,,,,,,,,,,,,,,,,,,,,,,,,,,,,,,,,,,,,,,,,,,,,,,,,,,,,,,,,,,,,,,,,,,,,,,,,,,,,,,,,,,,,,,,,,,,,,,,,,,,,,,,,,,,,,,
CHEQUE,PRE,CHK-MTB-100035,INDIVIDUAL,IND-0094,EXTERNAL_INDIVIDUAL,EXT-P-2233,CREDIT,5KJ4H9,8213.52,USD,2026-07-28 00:00:00,577229317,6444313846,Meridian Trust Bank,Ironbridge National Bank,I373XA,Lisa Martin,406291020,1446851331,PRES-MTB-100035,2026-07-28 00:00:00,CHECK_CLEARING,PENDING,PASSED,PASSED,PASSED,PENDING,PENDING,PASSED,,,[],2026-07-28T19:08:09Z,True,2026-07-28T19:08:22Z,2360,30000,False,0,CL-MTB-20260728-2,ACKNOWLEDGED,2026-07-28T19:13:09Z,2026-07-30T19:08:09Z,,,False,False,0,,IDEMP-CHK-MTB-100035,,PASSED,False,2026-05-04 00:00:00,11,85,False,1446851331,1,5,False,[],1,6,30297.65,12144.11,False,46,10000,0.821,8785.96,[],False,PENDING,,,,NOT_POSTED,,CREDIT,46629.64,,46629.64,,NOT_APPLICABLE,,,,,,,,,,,,,,,,,,,,,,,,,,,,,,,,,,,,,,,,,,,,,,,,,,,,,,,,,,,,,,,,,,,,,,,,,,,,,,,,,,,,,,,,,,,,,,,,,,,,,,,,,,,,,,,,,,,,,,,,,,,,,,,,,,,,,,,,,,,,,,,,,,,,,,,,,,,,,,,,
CHEQUE,PRE,CHK-MTB-100097,MERCHANT,MERCH-004,EXTERNAL_INDIVIDUAL,EXT-P-4869,CREDIT,2T5UW2,1798.66,USD,2026-06-28 00:00:00,326117727,3061977058,Vertex Commerce Pay,Summit Ridge Bank,Q6J9WJ,Robert Davis,921850028,2941013563,PRES-MTB-100097,2026-06-28 00:00:00,CHECK_CLEARING,PENDING,PASSED,PASSED,PASSED,PENDING,PENDING,PASSED,,,[],2026-06-28T11:05:53Z,True,2026-06-28T11:06:13Z,4132,30000,False,0,CL-MTB-20260628-4,ACKNOWLEDGED,2026-06-28T11:10:53Z,2026-06-28T15:05:53Z,,,False,False,0,,IDEMP-CHK-MTB-100097,,PASSED,False,2024-01-05 00:00:00,60,905,False,2941013563,1,5,False,[],1,5,2190.45,835.45,False,40,10000,0.18,1594.79,[],False,PENDING,,,,NOT_POSTED,,CREDIT,3829.23,,3829.23,,NOT_APPLICABLE,,,,,,,,,,,,,,,,,,,,,,,,,,,,,,,,,,,,,,,,,,,,,,,,,,,,,,,,,,,,,,,,,,,,,,,,,,,,,,,,,,,,,,,,,,,,,,,,,,,,,,,,,,,,,,,,,,,,,,,,,,,,,,,,,,,,,,,,,,,,,,,,,,,,,,,,,,,,,,,,
CHEQUE,PRE,CHK-MTB-100059,MERCHANT,MERCH-005,EXTERNAL_INDIVIDUAL,EXT-P-5262,CREDIT,KQMAVM,12569.4,USD,2026-08-09 00:00:00,19192889,2260323791,Meridian Trust Bank,Cascade Point Bank,KOISAZ,Donna Thomas,686130918,7739476817,PRES-MTB-100059,2026-08-09 00:00:00,CHECK_CLEARING,PENDING,PASSED,PASSED,PASSED,PENDING,PENDING,PASSED,,,[],2026-08-09T09:56:12Z,True,2026-08-09T09:56:15Z,2466,30000,False,5,CL-MTB-20260809-7,ACKNOWLEDGED,2026-08-09T10:01:12Z,2026-08-09T10:56:12Z,,,False,False,0,,IDEMP-CHK-MTB-100059,,PASSED,False,2023-09-11 00:00:00,52,1063,False,7739476817,1,4,False,[],3,8,27215.89,17850.03,False,44,10000,1.257,15468.32,[],False,PENDING,,,,NOT_POSTED,,CREDIT,28805.89,,28805.89,,NOT_APPLICABLE,,,,,,,,,,,,,,,,,,,,,,,,,,,,,,,,,,,,,,,,,,,,,,,,,,,,,,,,,,,,,,,,,,,,,,,,,,,,,,,,,,,,,,,,,,,,,,,,,,,,,,,,,,,,,,,,,,,,,,,,,,,,,,,,,,,,,,,,,,,,,,,,,,,,,,,,,,,,,,,,
CHEQUE,PRE,CHK-MTB-100018,INDIVIDUAL,IND-0028,INDIVIDUAL,IND-0069,CREDIT,PRDG1R,1811.47,USD,2026-07-12 00:00:00,133941347,6963210242,Meridian Trust Bank,Cascade Point Bank,4BDC3O,Melissa Williams,944463449,3894960981,PRES-MTB-100018,2026-07-12 00:00:00,CHECK_CLEARING,PENDING,PASSED,PASSED,DEGRADED,PENDING,PENDING,PASSED,,,[],2026-07-12T20:20:57Z,True,2026-07-12T20:21:04Z,997,30000,False,0,CL-MTB-20260712-2,ACKNOWLEDGED,2026-07-12T20:25:57Z,2026-07-13T00:20:57Z,,,False,False,0,,IDEMP-CHK-MTB-100018,,PASSED,False,2024-02-13 00:00:00,43,880,False,3894960981,8,11,True,[],3,7,3473.63,1193.03,False,45,10000,0.181,2342.27,[],False,PENDING,,,,NOT_POSTED,,CREDIT,32457.56,,32457.56,,NOT_APPLICABLE,,,,,,,,,,,,,,,,,,,,,,,,,,,,,,,,,,,,,,,,,,,,,,,,,,,,,,,,,,,,,,,,,,,,,,,,,,,,,,,,,,,,,,,,,,,,,,,,,,,,,,,,,,,,,,,,,,,,,,,,,,,,,,,,,,,,,,,,,,,,,,,,,,,,,,,,,,,,,,,,
CHEQUE,PRE,CHK-MTB-100012,INDIVIDUAL,IND-0002,EXTERNAL_INDIVIDUAL,EXT-P-5396,CREDIT,60XYZZ,6924.22,USD,2026-07-01 00:00:00,405430823,7526184866,Meridian Trust Bank,Cascade Point Bank,SCQS7O,Melissa Perez,281001107,1980136784,PRES-MTB-100012,2026-07-01 00:00:00,CHECK_CLEARING,PENDING,PASSED,PASSED,DEGRADED,PENDING,PENDING,PASSED,,,[],2026-07-01T04:09:49Z,True,2026-07-01T04:10:00Z,3378,30000,False,91,CL-MTB-20260701-1,ACKNOWLEDGED,2026-07-01T04:14:49Z,2026-07-01T05:09:49Z,,,False,False,0,,IDEMP-CHK-MTB-100012,,PASSED,False,2023-11-06 00:00:00,35,968,False,1980136784,2,4,False,[],2,7,16892.82,13838.99,False,39,10000,0.692,6783.79,[],False,PENDING,,,,NOT_POSTED,,CREDIT,38234.04,,38234.04,,NOT_APPLICABLE,,,,,,,,,,,,,,,,,,,,,,,,,,,,,,,,,,,,,,,,,,,,,,,,,,,,,,,,,,,,,,,,,,,,,,,,,,,,,,,,,,,,,,,,,,,,,,,,,,,,,,,,,,,,,,,,,,,,,,,,,,,,,,,,,,,,,,,,,,,,,,,,,,,,,,,,,,,,,,,,
CHEQUE,PRE,CHK-MTB-100042,INDIVIDUAL,IND-0014,EXTERNAL_INDIVIDUAL,EXT-P-7209,CREDIT,ZEBNG0,1137.94,USD,2026-08-22 00:00:00,223867001,9308699046,Meridian Trust Bank,Summit Ridge Bank,E1B473,George Lewis,24745888,2638705146,PRES-MTB-100042,2026-08-22 00:00:00,CHECK_CLEARING,PENDING,PASSED,PASSED,PASSED,PENDING,PENDING,PASSED,,,[],2026-08-22T22:50:55Z,True,2026-08-22T22:51:02Z,1550,30000,False,0,CL-MTB-20260822-8,ACKNOWLEDGED,2026-08-22T22:55:55Z,2026-08-24T22:50:55Z,,,False,False,0,,IDEMP-CHK-MTB-100042,,PASSED,False,2026-01-18 00:00:00,41,216,False,2638705146,2,3,False,[],1,2,1992.04,1062.82,False,24,10000,0.114,972.31,[],False,PENDING,,,,NOT_POSTED,,CREDIT,26922.07,,26922.07,,NOT_APPLICABLE,,,,,,,,,,,,,,,,,,,,,,,,,,,,,,,,,,,,,,,,,,,,,,,,,,,,,,,,,,,,,,,,,,,,,,,,,,,,,,,,,,,,,,,,,,,,,,,,,,,,,,,,,,,,,,,,,,,,,,,,,,,,,,,,,,,,,,,,,,,,,,,,,,,,,,,,,,,,,,,,
CHEQUE,PRE,CHK-MTB-100013,INDIVIDUAL,IND-0041,EXTERNAL_INDIVIDUAL,EXT-P-8786,CREDIT,9RLQED,1843.08,USD,2026-07-12 00:00:00,921975942,6128384162,Meridian Trust Bank,Summit Ridge Bank,0J52K3,Carol Robinson,541198212,5933401938,PRES-MTB-100013,2026-07-12 00:00:00,CHECK_CLEARING,PENDING,PASSED,PASSED,PASSED,PENDING,PENDING,PASSED,,,[],2026-07-12T09:20:47Z,True,2026-07-12T09:20:54Z,2378,30000,False,0,CL-MTB-20260712-6,ACKNOWLEDGED,2026-07-12T09:25:47Z,2026-07-12T10:20:47Z,,,False,False,0,,IDEMP-CHK-MTB-100013,,PASSED,False,2024-11-26 00:00:00,14,593,False,5933401938,2,2,False,[],1,6,5552.63,2646.55,False,42,10000,0.184,1891.93,[],False,PENDING,,,,NOT_POSTED,,CREDIT,20506.07,,20506.07,,NOT_APPLICABLE,,,,,,,,,,,,,,,,,,,,,,,,,,,,,,,,,,,,,,,,,,,,,,,,,,,,,,,,,,,,,,,,,,,,,,,,,,,,,,,,,,,,,,,,,,,,,,,,,,,,,,,,,,,,,,,,,,,,,,,,,,,,,,,,,,,,,,,,,,,,,,,,,,,,,,,,,,,,,,,,
CHEQUE,PRE,CHK-MTB-100008,INDIVIDUAL,IND-0064,INDIVIDUAL,IND-0012,CREDIT,Z6QFKZ,3882.15,USD,2026-08-05 00:00:00,829926664,3438645844,Meridian Trust Bank,Ironbridge National Bank,X5C7U2,Betty Thompson,207759184,1357947125,PRES-MTB-100008,2026-08-05 00:00:00,CHECK_CLEARING,PENDING,PASSED,PASSED,PASSED,PENDING,PENDING,PASSED,,,[],2026-08-05T04:47:08Z,True,2026-08-05T04:47:16Z,499,30000,False,51,CL-MTB-20260805-9,ACKNOWLEDGED,2026-08-05T04:52:08Z,2026-08-06T04:47:08Z,,,False,False,0,,IDEMP-CHK-MTB-100008,,PASSED,False,2025-08-27 00:00:00,18,343,False,1357947125,2,3,False,[],1,8,14429.07,8529.1,False,46,10000,0.388,3632.52,[],False,PENDING,,,,NOT_POSTED,,CREDIT,8697.55,,8697.55,,NOT_APPLICABLE,,,,,,,,,,,,,,,,,,,,,,,,,,,,,,,,,,,,,,,,,,,,,,,,,,,,,,,,,,,,,,,,,,,,,,,,,,,,,,,,,,,,,,,,,,,,,,,,,,,,,,,,,,,,,,,,,,,,,,,,,,,,,,,,,,,,,,,,,,,,,,,,,,,,,,,,,,,,,,,,
CHEQUE,PRE,CHK-MTB-100078,MERCHANT,MERCH-005,EXTERNAL_INDIVIDUAL,EXT-P-2876,DEBIT,JC6F8Q,9527.45,USD,2026-08-07 00:00:00,940900783,2260323791,Meridian Trust Bank,Ironbridge National Bank,KN4AOY,Maria Rodriguez,164272254,6872081368,PRES-MTB-100078,2026-08-07 00:00:00,CHECK_CLEARING,PENDING,PASSED,PASSED,DEGRADED,PENDING,PENDING,PASSED,,,[],2026-08-07T06:48:44Z,True,2026-08-07T06:49:02Z,3418,30000,False,51,CL-MTB-20260807-9,ACKNOWLEDGED,2026-08-07T06:53:44Z,2026-08-07T07:48:44Z,,,False,False,0,,IDEMP-CHK-MTB-100078,,PASSED,False,2024-10-31 00:00:00,6,645,False,6872081368,1,2,False,[],5,8,31486.78,11419.14,False,50,10000,0.953,11622.58,[],False,PENDING,,,,NOT_POSTED,,DEBIT,9293.48,,9293.48,,NOT_APPLICABLE,,,,,,,,,,,,,,,,,,,,,,,,,,,,,,,,,,,,,,,,,,,,,,,,,,,,,,,,,,,,,,,,,,,,,,,,,,,,,,,,,,,,,,,,,,,,,,,,,,,,,,,,,,,,,,,,,,,,,,,,,,,,,,,,,,,,,,,,,,,,,,,,,,,,,,,,,,,,,,,,
CHEQUE,PRE,CHK-MTB-100036,INDIVIDUAL,IND-0096,EXTERNAL_INDIVIDUAL,EXT-P-9641,CREDIT,24828S,9531.56,USD,2026-07-27 00:00:00,805129798,5507439922,Meridian Trust Bank,Summit Ridge Bank,YWY31K,Donna Clark,143351782,6038816487,PRES-MTB-100036,2026-07-27 00:00:00,CHECK_CLEARING,PENDING,PASSED,PASSED,PASSED,PENDING,PENDING,PASSED,,,[],2026-07-27T16:01:29Z,True,2026-07-27T16:01:45Z,2649,30000,False,91,CL-MTB-20260727-7,ACKNOWLEDGED,2026-07-27T16:06:29Z,2026-07-28T04:01:29Z,,,False,False,0,,IDEMP-CHK-MTB-100036,,PASSED,False,2023-10-29 00:00:00,47,1002,False,6038816487,1,2,False,[],5,12,32037.6,18409.26,False,58,10000,0.953,11579.63,[],True,PENDING,,,,NOT_POSTED,,CREDIT,8381.49,,8381.49,,NOT_APPLICABLE,,,,,,,,,,,,,,,,,,,,,,,,,,,,,,,,,,,,,,,,,,,,,,,,,,,,,,,,,,,,,,,,,,,,,,,,,,,,,,,,,,,,,,,,,,,,,,,,,,,,,,,,,,,,,,,,,,,,,,,,,,,,,,,,,,,,,,,,,,,,,,,,,,,,,,,,,,,,,,,,
CHEQUE,PRE,CHK-MTB-100050,INDIVIDUAL,IND-0075,INDIVIDUAL,IND-0030,DEBIT,506GEU,1255.4,USD,2026-08-17 00:00:00,676482833,218955917,Meridian Trust Bank,Summit Ridge Bank,U3LBG5,Matthew Brown,385571321,6094968993,PRES-MTB-100050,2026-08-17 00:00:00,CHECK_CLEARING,PENDING,PASSED,PASSED,DEGRADED,PENDING,PENDING,PASSED,,,[],2026-08-17T10:40:20Z,True,2026-08-17T10:40:31Z,2091,30000,False,0,CL-MTB-20260817-6,ACKNOWLEDGED,2026-08-17T10:45:20Z,2026-08-19T10:40:20Z,,,False,False,0,,IDEMP-CHK-MTB-100050,,PASSED,False,2026-03-07 00:00:00,44,163,False,6094968993,1,5,False,[],1,7,1964.54,845.6,False,49,10000,0.126,1314.92,[],False,PENDING,,,,NOT_POSTED,,DEBIT,49633.75,,49633.75,,NOT_APPLICABLE,,,,,,,,,,,,,,,,,,,,,,,,,,,,,,,,,,,,,,,,,,,,,,,,,,,,,,,,,,,,,,,,,,,,,,,,,,,,,,,,,,,,,,,,,,,,,,,,,,,,,,,,,,,,,,,,,,,,,,,,,,,,,,,,,,,,,,,,,,,,,,,,,,,,,,,,,,,,,,,,
CHEQUE,PRE,CHK-MTB-100045,INDIVIDUAL,IND-0073,INDIVIDUAL,IND-0013,CREDIT,IX886E,1331.66,USD,2026-08-12 00:00:00,509479520,3719878466,Meridian Trust Bank,Cascade Point Bank,GMJ4QY,Kevin Allen,103480683,2411755318,PRES-MTB-100045,2026-08-12 00:00:00,CHECK_CLEARING,PENDING,PASSED,PASSED,PASSED,PENDING,PENDING,PASSED,,,[],2026-08-12T04:53:39Z,True,2026-08-12T04:53:45Z,3162,30000,False,91,CL-MTB-20260812-2,ACKNOWLEDGED,2026-08-12T04:58:39Z,2026-08-12T08:53:39Z,,,False,False,0,,IDEMP-CHK-MTB-100045,,PASSED,False,2025-12-26 00:00:00,8,229,False,2411755318,2,4,False,[],5,6,2023.22,814.32,False,38,10000,0.133,1672.57,[],False,PENDING,,,,NOT_POSTED,,CREDIT,30585.65,,30585.65,,NOT_APPLICABLE,,,,,,,,,,,,,,,,,,,,,,,,,,,,,,,,,,,,,,,,,,,,,,,,,,,,,,,,,,,,,,,,,,,,,,,,,,,,,,,,,,,,,,,,,,,,,,,,,,,,,,,,,,,,,,,,,,,,,,,,,,,,,,,,,,,,,,,,,,,,,,,,,,,,,,,,,,,,,,,,
CHEQUE,PRE,CHK-MTB-100098,MERCHANT,MERCH-002,EXTERNAL_INDIVIDUAL,EXT-P-8675,CREDIT,QO3OBT,12152.64,USD,2026-07-19 00:00:00,940952991,5123580257,Vertex Commerce Pay,Summit Ridge Bank,4K2MKK,George Anderson,441476604,3972387911,PRES-MTB-100098,2026-07-19 00:00:00,CHECK_CLEARING,PENDING,PASSED,PASSED,PASSED,PENDING,PENDING,PASSED,,,[],2026-07-19T15:50:29Z,True,2026-07-19T15:50:43Z,1064,30000,False,0,CL-MTB-20260719-7,ACKNOWLEDGED,2026-07-19T15:55:29Z,2026-07-21T15:50:29Z,,,False,False,0,,IDEMP-CHK-MTB-100098,,PASSED,False,2023-05-19 00:00:00,27,1157,False,3972387911,2,2,False,[],1,11,44027.66,23162.15,True,63,10000,1.215,13550.87,[],False,PENDING,,,,NOT_POSTED,,CREDIT,22356.03,,22356.03,,NOT_APPLICABLE,,,,,,,,,,,,,,,,,,,,,,,,,,,,,,,,,,,,,,,,,,,,,,,,,,,,,,,,,,,,,,,,,,,,,,,,,,,,,,,,,,,,,,,,,,,,,,,,,,,,,,,,,,,,,,,,,,,,,,,,,,,,,,,,,,,,,,,,,,,,,,,,,,,,,,,,,,,,,,,,
CHEQUE,PRE,CHK-MTB-100079,MERCHANT,MERCH-010,EXTERNAL_INDIVIDUAL,EXT-P-8646,CREDIT,GSK21F,4356.99,USD,2026-07-03 00:00:00,880248290,4806704660,Vertex Commerce Pay,Cascade Point Bank,DCW9KP,Richard Lopez,151644456,924568234,PRES-MTB-100079,2026-07-03 00:00:00,CHECK_CLEARING,PENDING,PASSED,PASSED,PASSED,PENDING,PENDING,PASSED,,,[],2026-07-03T21:57:23Z,True,2026-07-03T21:57:33Z,2949,30000,False,51,CL-MTB-20260703-6,ACKNOWLEDGED,2026-07-03T22:02:23Z,2026-07-04T21:57:23Z,,,False,False,0,,IDEMP-CHK-MTB-100079,,PASSED,False,2024-10-13 00:00:00,32,628,False,924568234,2,4,False,[],1,10,6317.26,3692.15,False,54,10000,0.436,4470.58,[],False,PENDING,,,,NOT_POSTED,,CREDIT,36502.58,,36502.58,,NOT_APPLICABLE,,,,,,,,,,,,,,,,,,,,,,,,,,,,,,,,,,,,,,,,,,,,,,,,,,,,,,,,,,,,,,,,,,,,,,,,,,,,,,,,,,,,,,,,,,,,,,,,,,,,,,,,,,,,,,,,,,,,,,,,,,,,,,,,,,,,,,,,,,,,,,,,,,,,,,,,,,,,,,,,
CHEQUE,PRE,CHK-MTB-100051,MERCHANT,MERCH-004,INDIVIDUAL,IND-0005,CREDIT,AB7CWU,12221.02,USD,2026-08-15 00:00:00,530631513,3061977058,Vertex Commerce Pay,Ironbridge National Bank,27JBLJ,Karen Ramirez,677235873,5764924945,PRES-MTB-100051,2026-08-15 00:00:00,CHECK_CLEARING,PENDING,PASSED,PASSED,PASSED,PENDING,PENDING,PASSED,,,[],2026-08-15T19:27:37Z,True,2026-08-15T19:27:39Z,1005,30000,False,0,CL-MTB-20260815-6,ACKNOWLEDGED,2026-08-15T19:32:37Z,2026-08-15T20:27:37Z,,,False,False,0,,IDEMP-CHK-MTB-100051,,PASSED,False,2024-03-06 00:00:00,42,892,False,5764924945,8,8,True,[],2,11,41375.46,24542.77,True,56,10000,1.222,10011.93,[],False,PENDING,,,,NOT_POSTED,,CREDIT,5085.52,,5085.52,,NOT_APPLICABLE,,,,,,,,,,,,,,,,,,,,,,,,,,,,,,,,,,,,,,,,,,,,,,,,,,,,,,,,,,,,,,,,,,,,,,,,,,,,,,,,,,,,,,,,,,,,,,,,,,,,,,,,,,,,,,,,,,,,,,,,,,,,,,,,,,,,,,,,,,,,,,,,,,,,,,,,,,,,,,,,
CHEQUE,PRE,CHK-MTB-100095,MERCHANT,MERCH-005,EXTERNAL_INDIVIDUAL,EXT-P-5620,DEBIT,O3AKGT,11362.99,USD,2026-08-22 00:00:00,730855592,2260323791,Meridian Trust Bank,Ironbridge National Bank,DCTPZH,Michael Ramirez,651651544,6995210266,PRES-MTB-100095,2026-08-22 00:00:00,CHECK_CLEARING,PENDING,PASSED,PASSED,PASSED,PENDING,PENDING,PASSED,,,[],2026-08-22T14:35:01Z,True,2026-08-22T14:35:06Z,1535,30000,False,0,CL-MTB-20260822-9,ACKNOWLEDGED,2026-08-22T14:40:01Z,2026-08-24T14:35:01Z,,,False,False,0,,IDEMP-CHK-MTB-100095,,PASSED,False,2024-12-11 00:00:00,56,619,False,6995210266,2,4,False,[],5,5,38987.69,16812.89,False,34,10000,1.136,9577.59,[],False,PENDING,,,,NOT_POSTED,,DEBIT,39680.9,,39680.9,,NOT_APPLICABLE,,,,,,,,,,,,,,,,,,,,,,,,,,,,,,,,,,,,,,,,,,,,,,,,,,,,,,,,,,,,,,,,,,,,,,,,,,,,,,,,,,,,,,,,,,,,,,,,,,,,,,,,,,,,,,,,,,,,,,,,,,,,,,,,,,,,,,,,,,,,,,,,,,,,,,,,,,,,,,,,
CHEQUE,PRE,CHK-MTB-100056,MERCHANT,MERCH-009,EXTERNAL_INDIVIDUAL,EXT-P-6447,CREDIT,2L3SR9,1594.37,USD,2026-06-27 00:00:00,99809255,9446335263,Northstar Payment Solutions,Summit Ridge Bank,14DXI6,Betty Smith,342488826,2736227201,PRES-MTB-100056,2026-06-27 00:00:00,CHECK_CLEARING,PENDING,PASSED,PASSED,PASSED,PENDING,PENDING,PASSED,,,[],2026-06-27T04:23:36Z,True,2026-06-27T04:23:48Z,1351,30000,False,91,CL-MTB-20260627-4,ACKNOWLEDGED,2026-06-27T04:28:36Z,2026-06-27T16:23:36Z,,,False,False,0,,IDEMP-CHK-MTB-100056,,PASSED,True,2026-06-27 00:00:00,0,0,True,2736227201,1,1,False,[],5,6,1703.06,609.58,False,44,10000,0.159,1547.37,[],False,PENDING,,,,NOT_POSTED,,CREDIT,27699.88,,27699.88,,NOT_APPLICABLE,,,,,,,,,,,,,,,,,,,,,,,,,,,,,,,,,,,,,,,,,,,,,,,,,,,,,,,,,,,,,,,,,,,,,,,,,,,,,,,,,,,,,,,,,,,,,,,,,,,,,,,,,,,,,,,,,,,,,,,,,,,,,,,,,,,,,,,,,,,,,,,,,,,,,,,,,,,,,,,,
CHEQUE,PRE,CHK-MTB-100004,INDIVIDUAL,IND-0086,EXTERNAL_INDIVIDUAL,EXT-P-6583,CREDIT,7ZLWAK,1184.46,USD,2026-07-25 00:00:00,459608763,4358023087,Meridian Trust Bank,Summit Ridge Bank,N5XTSY,Matthew Taylor,423458271,5349233481,PRES-MTB-100004,2026-07-25 00:00:00,CHECK_CLEARING,PENDING,PASSED,PASSED,PASSED,PENDING,PENDING,PASSED,,,[],2026-07-25T17:39:05Z,True,2026-07-25T17:39:18Z,1399,30000,False,0,CL-MTB-20260725-6,ACKNOWLEDGED,2026-07-25T17:44:05Z,2026-07-26T05:39:05Z,,,False,False,0,,IDEMP-CHK-MTB-100004,,PASSED,False,2024-03-15 00:00:00,26,862,False,5349233481,1,5,False,[],1,10,1287.5,539.49,False,60,10000,0.118,1417.01,[],False,PENDING,,,,NOT_POSTED,,CREDIT,9104.52,,9104.52,,NOT_APPLICABLE,,,,,,,,,,,,,,,,,,,,,,,,,,,,,,,,,,,,,,,,,,,,,,,,,,,,,,,,,,,,,,,,,,,,,,,,,,,,,,,,,,,,,,,,,,,,,,,,,,,,,,,,,,,,,,,,,,,,,,,,,,,,,,,,,,,,,,,,,,,,,,,,,,,,,,,,,,,,,,,,
CHEQUE,PRE,CHK-MTB-100048,INDIVIDUAL,IND-0093,EXTERNAL_INDIVIDUAL,EXT-P-9427,CREDIT,2H3868,554.03,USD,2026-06-29 00:00:00,173694426,8321601567,Meridian Trust Bank,Summit Ridge Bank,EE0FR3,Deborah Lee,949635596,6471570111,PRES-MTB-100048,2026-06-29 00:00:00,CHECK_CLEARING,PENDING,PASSED,PASSED,DEGRADED,PENDING,PENDING,PASSED,,,[],2026-06-29T04:07:52Z,True,2026-06-29T04:08:12Z,2213,30000,False,0,CL-MTB-20260629-2,ACKNOWLEDGED,2026-06-29T04:12:52Z,2026-07-01T04:07:52Z,,,False,False,0,,IDEMP-CHK-MTB-100048,,PASSED,False,2024-09-16 00:00:00,55,651,False,6471570111,1,3,False,[],5,14,1238.88,416.31,True,79,10000,0.055,713.19,[],False,PENDING,,,,NOT_POSTED,,CREDIT,3193.74,,3193.74,,NOT_APPLICABLE,,,,,,,,,,,,,,,,,,,,,,,,,,,,,,,,,,,,,,,,,,,,,,,,,,,,,,,,,,,,,,,,,,,,,,,,,,,,,,,,,,,,,,,,,,,,,,,,,,,,,,,,,,,,,,,,,,,,,,,,,,,,,,,,,,,,,,,,,,,,,,,,,,,,,,,,,,,,,,,,
CHEQUE,PRE,CHK-MTB-100077,MERCHANT,MERCH-004,EXTERNAL_INDIVIDUAL,EXT-P-3468,CREDIT,AUBJMY,4139.39,USD,2026-06-29 00:00:00,266095150,3061977058,Vertex Commerce Pay,Cascade Point Bank,UTPMBH,Karen Martin,461152477,882033333,PRES-MTB-100077,2026-06-29 00:00:00,CHECK_CLEARING,PENDING,PASSED,PASSED,PASSED,PENDING,PENDING,PASSED,,,[],2026-06-29T01:32:38Z,True,2026-06-29T01:32:39Z,4336,30000,False,91,CL-MTB-20260629-6,ACKNOWLEDGED,2026-06-29T01:37:38Z,2026-06-29T05:32:38Z,,,False,False,0,,IDEMP-CHK-MTB-100077,,PASSED,False,2023-05-16 00:00:00,27,1140,False,882033333,1,3,False,[],2,11,13482.99,4878.35,True,67,10000,0.414,5122.58,[],False,PENDING,,,,NOT_POSTED,,CREDIT,29044.62,,29044.62,,NOT_APPLICABLE,,,,,,,,,,,,,,,,,,,,,,,,,,,,,,,,,,,,,,,,,,,,,,,,,,,,,,,,,,,,,,,,,,,,,,,,,,,,,,,,,,,,,,,,,,,,,,,,,,,,,,,,,,,,,,,,,,,,,,,,,,,,,,,,,,,,,,,,,,,,,,,,,,,,,,,,,,,,,,,,
CHEQUE,PRE,CHK-MTB-100024,INDIVIDUAL,IND-0044,EXTERNAL_INDIVIDUAL,EXT-P-1525,DEBIT,RAYA9E,1512.54,USD,2026-06-28 00:00:00,648804814,8884076693,Meridian Trust Bank,Cascade Point Bank,E033K5,David Torres,35201190,1531063202,PRES-MTB-100024,2026-06-28 00:00:00,CHECK_CLEARING,PENDING,PASSED,PASSED,PASSED,PENDING,PENDING,PASSED,,,[],2026-06-28T04:03:59Z,True,2026-06-28T04:04:13Z,3799,30000,False,0,CL-MTB-20260628-5,ACKNOWLEDGED,2026-06-28T04:08:59Z,2026-06-28T16:03:59Z,,,False,False,0,,IDEMP-CHK-MTB-100024,,PASSED,False,2024-04-05 00:00:00,22,814,False,1531063202,3,4,False,[],5,5,1828.97,611.56,False,34,10000,0.151,1628.43,[],False,PENDING,,,,NOT_POSTED,,DEBIT,22390.91,,22390.91,,NOT_APPLICABLE,,,,,,,,,,,,,,,,,,,,,,,,,,,,,,,,,,,,,,,,,,,,,,,,,,,,,,,,,,,,,,,,,,,,,,,,,,,,,,,,,,,,,,,,,,,,,,,,,,,,,,,,,,,,,,,,,,,,,,,,,,,,,,,,,,,,,,,,,,,,,,,,,,,,,,,,,,,,,,,,
CHEQUE,PRE,CHK-MTB-100063,MERCHANT,MERCH-008,INDIVIDUAL,IND-0023,CREDIT,BLJTI2,1545.19,USD,2026-07-17 00:00:00,629888557,454372367,BrightLedger Payments,Cascade Point Bank,FNXN02,James Brown,676634892,16593766,PRES-MTB-100063,2026-07-17 00:00:00,CHECK_CLEARING,PENDING,PASSED,PASSED,DEGRADED,PENDING,PENDING,PASSED,,,[],2026-07-17T09:19:18Z,True,2026-07-17T09:19:27Z,2271,30000,False,0,CL-MTB-20260717-1,ACKNOWLEDGED,2026-07-17T09:24:18Z,2026-07-17T21:19:18Z,,,False,False,0,,IDEMP-CHK-MTB-100063,,PASSED,True,2026-07-17 00:00:00,0,0,True,16593766,8,10,True,[],2,11,6066.64,2049.17,True,59,10000,0.155,1639.03,[],False,PENDING,,,,NOT_POSTED,,CREDIT,1942.28,,1942.28,,NOT_APPLICABLE,,,,,,,,,,,,,,,,,,,,,,,,,,,,,,,,,,,,,,,,,,,,,,,,,,,,,,,,,,,,,,,,,,,,,,,,,,,,,,,,,,,,,,,,,,,,,,,,,,,,,,,,,,,,,,,,,,,,,,,,,,,,,,,,,,,,,,,,,,,,,,,,,,,,,,,,,,,,,,,,
CHEQUE,PRE,CHK-MTB-100058,MERCHANT,MERCH-005,EXTERNAL_INDIVIDUAL,EXT-P-3609,CREDIT,JTJ70G,3859.54,USD,2026-06-27 00:00:00,99518986,2260323791,Meridian Trust Bank,Ironbridge National Bank,60F3AK,Anthony Lopez,19402615,606202697,PRES-MTB-100058,2026-06-27 00:00:00,CHECK_CLEARING,PENDING,PASSED,PASSED,PASSED,PENDING,PENDING,PASSED,,,[],2026-06-27T09:46:46Z,True,2026-06-27T09:47:04Z,4285,30000,False,0,CL-MTB-20260627-7,ACKNOWLEDGED,2026-06-27T09:51:46Z,2026-06-27T21:46:46Z,,,False,False,0,,IDEMP-CHK-MTB-100058,,PASSED,True,2026-06-27 00:00:00,0,0,True,606202697,2,2,False,[],1,9,10214.35,6342.66,False,50,10000,0.386,4751.01,[],False,PENDING,,,,NOT_POSTED,,CREDIT,11679.21,,11679.21,,NOT_APPLICABLE,,,,,,,,,,,,,,,,,,,,,,,,,,,,,,,,,,,,,,,,,,,,,,,,,,,,,,,,,,,,,,,,,,,,,,,,,,,,,,,,,,,,,,,,,,,,,,,,,,,,,,,,,,,,,,,,,,,,,,,,,,,,,,,,,,,,,,,,,,,,,,,,,,,,,,,,,,,,,,,,
CHEQUE,PRE,CHK-MTB-100043,INDIVIDUAL,IND-0027,EXTERNAL_INDIVIDUAL,EXT-P-3446,CREDIT,6D7AQL,6965.01,USD,2026-08-12 00:00:00,131279422,6605332421,Meridian Trust Bank,Cascade Point Bank,BTRTBR,David Hill,544057642,3010834453,PRES-MTB-100043,2026-08-12 00:00:00,CHECK_CLEARING,PENDING,PASSED,PASSED,DEGRADED,PENDING,PENDING,PASSED,,,[],2026-08-12T06:38:27Z,True,2026-08-12T06:38:34Z,2140,30000,False,0,CL-MTB-20260812-8,ACKNOWLEDGED,2026-08-12T06:43:27Z,2026-08-14T06:38:27Z,,,False,False,0,,IDEMP-CHK-MTB-100043,,PASSED,True,2026-08-12 00:00:00,0,0,True,3010834453,2,6,False,[],3,10,29377.67,11481.24,False,54,10000,0.697,8095.26,[],False,PENDING,,,,NOT_POSTED,,CREDIT,21356.3,,21356.3,,NOT_APPLICABLE,,,,,,,,,,,,,,,,,,,,,,,,,,,,,,,,,,,,,,,,,,,,,,,,,,,,,,,,,,,,,,,,,,,,,,,,,,,,,,,,,,,,,,,,,,,,,,,,,,,,,,,,,,,,,,,,,,,,,,,,,,,,,,,,,,,,,,,,,,,,,,,,,,,,,,,,,,,,,,,,
CHEQUE,PRE,CHK-MTB-100094,MERCHANT,MERCH-010,EXTERNAL_INDIVIDUAL,EXT-P-8578,CREDIT,EHEQQV,13307.19,USD,2026-08-08 00:00:00,28415908,4806704660,Vertex Commerce Pay,Ironbridge National Bank,4WQZWK,David Brown,731461457,9951216586,PRES-MTB-100094,2026-08-08 00:00:00,CHECK_CLEARING,PENDING,PASSED,PASSED,PASSED,PENDING,PENDING,PASSED,,,[],2026-08-08T15:23:31Z,True,2026-08-08T15:23:49Z,4088,30000,False,0,CL-MTB-20260808-6,ACKNOWLEDGED,2026-08-08T15:28:31Z,2026-08-09T03:23:31Z,,,False,False,0,,IDEMP-CHK-MTB-100094,,PASSED,False,2025-08-11 00:00:00,10,362,False,9951216586,1,2,False,[],1,5,14514.01,6335.81,False,37,10000,1.331,16038.37,[],False,PENDING,,,,NOT_POSTED,,CREDIT,34746.22,,34746.22,,NOT_APPLICABLE,,,,,,,,,,,,,,,,,,,,,,,,,,,,,,,,,,,,,,,,,,,,,,,,,,,,,,,,,,,,,,,,,,,,,,,,,,,,,,,,,,,,,,,,,,,,,,,,,,,,,,,,,,,,,,,,,,,,,,,,,,,,,,,,,,,,,,,,,,,,,,,,,,,,,,,,,,,,,,,,
CHEQUE,PRE,CHK-MTB-100006,INDIVIDUAL,IND-0006,EXTERNAL_INDIVIDUAL,EXT-P-1410,CREDIT,QOKAKG,14815.32,USD,2026-07-06 00:00:00,853627480,2107816442,Meridian Trust Bank,Summit Ridge Bank,ZW6WRJ,Patricia Lopez,640894227,3131370516,PRES-MTB-100006,2026-07-06 00:00:00,CHECK_CLEARING,PENDING,FAILED,PASSED,PASSED,PENDING,PENDING,FAILED,E204,Missing mandatory field: account_type,['E204'],2026-07-06T08:10:49Z,True,2026-07-06T08:11:00Z,4250,30000,False,0,CL-MTB-20260706-1,REJECTED,2026-07-06T08:15:49Z,2026-07-06T09:10:49Z,,,False,False,0,,IDEMP-CHK-MTB-100006,,PASSED,False,2024-04-30 00:00:00,52,797,False,3131370516,1,1,False,[],5,7,24396.66,8427.63,False,50,10000,1.482,18414.74,[],False,NOT_SUBMITTED,,,,NOT_POSTED,,CREDIT,34756.14,,34756.14,,NOT_APPLICABLE,,,,,,,,,,,,,,,,,,,,,,,,,,,,,,,,,,,,,,,,,,,,,,,,,,,,,,,,,,,,,,,,,,,,,,,,,,,,,,,,,,,,,,,,,,,,,,,,,,,,,,,,,,,,,,,,,,,,,,,,,,,,,,,,,,,,,,,,,,,,,,,,,,,,,,,,,,,,,,,,
CHEQUE,PRE,CHK-MTB-100091,MERCHANT,MERCH-004,EXTERNAL_INDIVIDUAL,EXT-P-9049,CREDIT,UERLN8,4346.61,USD,2026-07-28 00:00:00,639803118,3061977058,Vertex Commerce Pay,Summit Ridge Bank,WECLUW,Michelle Wilson,438816907,5668979232,PRES-MTB-100091,2026-07-28 00:00:00,CHECK_CLEARING,PENDING,PASSED,PASSED,PASSED,PENDING,PENDING,PASSED,,,[],2026-07-28T04:20:41Z,True,2026-07-28T04:20:50Z,2110,30000,False,51,CL-MTB-20260728-5,ACKNOWLEDGED,2026-07-28T04:25:41Z,2026-07-28T05:20:41Z,,,False,False,0,,IDEMP-CHK-MTB-100091,,PASSED,False,2025-11-24 00:00:00,27,246,False,5668979232,1,1,False,[],3,13,18151.7,8642.81,True,63,10000,0.435,4821.34,[],False,PENDING,,,,NOT_POSTED,,CREDIT,32504.99,,32504.99,,NOT_APPLICABLE,,,,,,,,,,,,,,,,,,,,,,,,,,,,,,,,,,,,,,,,,,,,,,,,,,,,,,,,,,,,,,,,,,,,,,,,,,,,,,,,,,,,,,,,,,,,,,,,,,,,,,,,,,,,,,,,,,,,,,,,,,,,,,,,,,,,,,,,,,,,,,,,,,,,,,,,,,,,,,,,
CHEQUE,PRE,CHK-MTB-100076,MERCHANT,MERCH-010,INDIVIDUAL,IND-0085,CREDIT,KQUXIN,6219.21,USD,2026-08-10 00:00:00,818859230,4806704660,Vertex Commerce Pay,Ironbridge National Bank,IWM5U1,Michael Thomas,92689109,2439153591,PRES-MTB-100076,2026-08-10 00:00:00,CHECK_CLEARING,PENDING,PASSED,PASSED,PASSED,PENDING,PENDING,PASSED,,,[],2026-08-10T13:09:56Z,True,2026-08-10T13:10:04Z,1655,30000,False,5,CL-MTB-20260810-1,ACKNOWLEDGED,2026-08-10T13:14:56Z,2026-08-11T01:09:56Z,,,False,False,0,,IDEMP-CHK-MTB-100076,,PASSED,True,2026-08-10 00:00:00,0,0,False,2439153591,2,6,False,[],1,4,27730.98,19814.84,False,31,10000,0.622,7359.59,[],False,PENDING,,,,NOT_POSTED,,CREDIT,11082.97,,11082.97,,NOT_APPLICABLE,,,,,,,,,,,,,,,,,,,,,,,,,,,,,,,,,,,,,,,,,,,,,,,,,,,,,,,,,,,,,,,,,,,,,,,,,,,,,,,,,,,,,,,,,,,,,,,,,,,,,,,,,,,,,,,,,,,,,,,,,,,,,,,,,,,,,,,,,,,,,,,,,,,,,,,,,,,,,,,,
CHEQUE,PRE,CHK-MTB-100069,MERCHANT,MERCH-002,EXTERNAL_INDIVIDUAL,EXT-P-2626,CREDIT,WJLD0J,11024.82,USD,2026-08-16 00:00:00,270965468,5123580257,Vertex Commerce Pay,Ironbridge National Bank,UU6ADP,Timothy Hill,915870961,9464699781,PRES-MTB-100069,2026-08-16 00:00:00,CHECK_CLEARING,PENDING,PASSED,PASSED,DEGRADED,PENDING,PENDING,PASSED,,,[],2026-08-16T13:49:25Z,True,2026-08-16T13:49:37Z,2259,30000,False,0,CL-MTB-20260816-9,ACKNOWLEDGED,2026-08-16T13:54:25Z,2026-08-16T14:49:25Z,,,False,False,0,,IDEMP-CHK-MTB-100069,,PASSED,False,2024-11-03 00:00:00,32,651,False,9464699781,3,4,False,[],5,15,25667.76,11872.23,True,72,10000,1.102,13957.32,[],False,PENDING,,,,NOT_POSTED,,CREDIT,49150.7,,49150.7,,NOT_APPLICABLE,,,,,,,,,,,,,,,,,,,,,,,,,,,,,,,,,,,,,,,,,,,,,,,,,,,,,,,,,,,,,,,,,,,,,,,,,,,,,,,,,,,,,,,,,,,,,,,,,,,,,,,,,,,,,,,,,,,,,,,,,,,,,,,,,,,,,,,,,,,,,,,,,,,,,,,,,,,,,,,,
CHEQUE,PRE,CHK-MTB-100003,INDIVIDUAL,IND-0011,INDIVIDUAL,IND-0024,CREDIT,BZ215Q,9305.11,USD,2026-06-27 00:00:00,34756280,4005907267,Meridian Trust Bank,Ironbridge National Bank,5GR49Y,Stephanie Williams,143815859,9324986869,PRES-MTB-100003,2026-06-27 00:00:00,CHECK_CLEARING,PENDING,PASSED,PASSED,DEGRADED,PENDING,PENDING,PASSED,,,[],2026-06-27T18:16:31Z,False,,,30000,True,,CL-MTB-20260627-1,PENDING,2026-06-27T18:21:31Z,2026-06-27T19:16:31Z,,,False,False,0,,IDEMP-CHK-MTB-100003,,PASSED,False,2024-03-21 00:00:00,13,828,False,9324986869,5,5,False,[],2,3,20287.25,11069.85,False,30,10000,0.931,12722.12,[],True,PENDING,,,,NOT_POSTED,,CREDIT,44525.88,,44525.88,,NOT_APPLICABLE,,,,,,,,,,,,,,,,,,,,,,,,,,,,,,,,,,,,,,,,,,,,,,,,,,,,,,,,,,,,,,,,,,,,,,,,,,,,,,,,,,,,,,,,,,,,,,,,,,,,,,,,,,,,,,,,,,,,,,,,,,,,,,,,,,,,,,,,,,,,,,,,,,,,,,,,,,,,,,,,
CHEQUE,PRE,CHK-MTB-100022,INDIVIDUAL,IND-0058,EXTERNAL_INDIVIDUAL,EXT-P-3098,CREDIT,K95I2L,4188.29,USD,2026-07-11 00:00:00,441958874,4821736612,Meridian Trust Bank,Ironbridge National Bank,11V5EW,Donna Thompson,715311677,6206517768,PRES-MTB-100022,2026-07-11 00:00:00,CHECK_CLEARING,PENDING,PASSED,PASSED,DEGRADED,PENDING,PENDING,PASSED,,,[],2026-07-11T19:15:19Z,True,2026-07-11T19:15:36Z,2080,30000,False,51,CL-MTB-20260711-8,ACKNOWLEDGED,2026-07-11T19:20:19Z,2026-07-11T23:15:19Z,,,False,False,0,,IDEMP-CHK-MTB-100022,,PASSED,False,2024-05-04 00:00:00,51,798,False,6206517768,1,2,False,[],3,5,12060.2,8640.21,False,26,10000,0.419,3705.82,[],False,PENDING,,,,NOT_POSTED,,CREDIT,15062.66,,15062.66,,NOT_APPLICABLE,,,,,,,,,,,,,,,,,,,,,,,,,,,,,,,,,,,,,,,,,,,,,,,,,,,,,,,,,,,,,,,,,,,,,,,,,,,,,,,,,,,,,,,,,,,,,,,,,,,,,,,,,,,,,,,,,,,,,,,,,,,,,,,,,,,,,,,,,,,,,,,,,,,,,,,,,,,,,,,,
CHEQUE,PRE,CHK-MTB-100027,INDIVIDUAL,IND-0069,EXTERNAL_INDIVIDUAL,EXT-P-8960,CREDIT,RM5COF,1555.16,USD,2026-07-08 00:00:00,224282888,3894960981,Meridian Trust Bank,Ironbridge National Bank,WUYWZN,David Williams,974903258,8165253177,PRES-MTB-100027,2026-07-08 00:00:00,CHECK_CLEARING,PENDING,PASSED,PASSED,DEGRADED,PENDING,PENDING,PASSED,,,[],2026-07-08T07:07:10Z,True,2026-07-08T07:07:19Z,1686,30000,False,51,CL-MTB-20260708-3,ACKNOWLEDGED,2026-07-08T07:12:10Z,2026-07-08T11:07:10Z,,,False,False,0,,IDEMP-CHK-MTB-100027,,PASSED,True,2026-07-08 00:00:00,0,0,True,8165253177,1,1,False,[],1,10,3408.97,1425.45,False,58,10000,0.156,1696.9,[],False,PENDING,,,,NOT_POSTED,,CREDIT,49575.17,,49575.17,,NOT_APPLICABLE,,,,,,,,,,,,,,,,,,,,,,,,,,,,,,,,,,,,,,,,,,,,,,,,,,,,,,,,,,,,,,,,,,,,,,,,,,,,,,,,,,,,,,,,,,,,,,,,,,,,,,,,,,,,,,,,,,,,,,,,,,,,,,,,,,,,,,,,,,,,,,,,,,,,,,,,,,,,,,,,
CHEQUE,PRE,CHK-MTB-100002,INDIVIDUAL,IND-0098,EXTERNAL_INDIVIDUAL,EXT-P-9606,CREDIT,ABAZWW,9283.02,USD,2026-07-25 00:00:00,47517181,8260179870,Meridian Trust Bank,Summit Ridge Bank,HHNBBS,Kenneth Ramirez,545789301,7416108235,PRES-MTB-100002,2026-07-25 00:00:00,CHECK_CLEARING,PENDING,PASSED,PASSED,DEGRADED,PENDING,PENDING,PASSED,,,[],2026-07-25T20:01:18Z,True,2026-07-25T20:01:26Z,4020,30000,False,0,CL-MTB-20260725-6,ACKNOWLEDGED,2026-07-25T20:06:18Z,2026-07-26T20:01:18Z,,,False,False,0,,IDEMP-CHK-MTB-100002,,PASSED,False,2026-01-24 00:00:00,50,182,False,7416108235,8,9,True,[],1,7,9539.73,5011.71,False,38,10000,0.928,17890.18,[],True,PENDING,,,,NOT_POSTED,,CREDIT,28150.53,,28150.53,,NOT_APPLICABLE,,,,,,,,,,,,,,,,,,,,,,,,,,,,,,,,,,,,,,,,,,,,,,,,,,,,,,,,,,,,,,,,,,,,,,,,,,,,,,,,,,,,,,,,,,,,,,,,,,,,,,,,,,,,,,,,,,,,,,,,,,,,,,,,,,,,,,,,,,,,,,,,,,,,,,,,,,,,,,,,
CHEQUE,PRE,CHK-MTB-100005,INDIVIDUAL,IND-0096,EXTERNAL_INDIVIDUAL,EXT-P-4188,DEBIT,C50E09,8871.91,USD,2026-07-11 00:00:00,18407849,5507439922,Meridian Trust Bank,Cascade Point Bank,E14IWC,Rebecca Walker,335545732,5814661656,PRES-MTB-100005,2026-07-11 00:00:00,CHECK_CLEARING,PENDING,PASSED,PASSED,DEGRADED,PENDING,PENDING,PASSED,,,[],2026-07-11T23:26:10Z,False,,,30000,True,,CL-MTB-20260711-2,PENDING,2026-07-11T23:31:10Z,2026-07-12T03:26:10Z,,,False,False,0,,IDEMP-CHK-MTB-100005,,PASSED,False,2024-03-05 00:00:00,49,858,False,5814661656,3,7,False,[],1,4,16949.99,11872.75,False,27,10000,0.887,10542.05,[],False,PENDING,,,,NOT_POSTED,,DEBIT,43617.87,,43617.87,,NOT_APPLICABLE,,,,,,,,,,,,,,,,,,,,,,,,,,,,,,,,,,,,,,,,,,,,,,,,,,,,,,,,,,,,,,,,,,,,,,,,,,,,,,,,,,,,,,,,,,,,,,,,,,,,,,,,,,,,,,,,,,,,,,,,,,,,,,,,,,,,,,,,,,,,,,,,,,,,,,,,,,,,,,,,
CHEQUE,PRE,CHK-MTB-100026,INDIVIDUAL,IND-0013,EXTERNAL_INDIVIDUAL,EXT-P-1444,CREDIT,XXMSLE,14643.14,USD,2026-08-04 00:00:00,443582147,2411755318,Meridian Trust Bank,Summit Ridge Bank,NBY1JO,Amanda Perez,809287636,9478232828,PRES-MTB-100026,2026-08-04 00:00:00,CHECK_CLEARING,PENDING,PASSED,PASSED,PASSED,PENDING,PENDING,PASSED,,,[],2026-08-04T00:05:21Z,True,2026-08-04T00:05:25Z,3588,30000,False,91,CL-MTB-20260804-8,ACKNOWLEDGED,2026-08-04T00:10:21Z,2026-08-04T01:05:21Z,,,False,False,0,,IDEMP-CHK-MTB-100026,,PASSED,False,2024-05-22 00:00:00,53,804,False,9478232828,2,2,False,[],1,3,35548.33,12443.2,False,33,10000,1.464,12114.52,[],False,PENDING,,,,NOT_POSTED,,CREDIT,12377.66,,12377.66,,NOT_APPLICABLE,,,,,,,,,,,,,,,,,,,,,,,,,,,,,,,,,,,,,,,,,,,,,,,,,,,,,,,,,,,,,,,,,,,,,,,,,,,,,,,,,,,,,,,,,,,,,,,,,,,,,,,,,,,,,,,,,,,,,,,,,,,,,,,,,,,,,,,,,,,,,,,,,,,,,,,,,,,,,,,,
CHEQUE,PRE,CHK-MTB-100062,MERCHANT,MERCH-009,EXTERNAL_INDIVIDUAL,EXT-P-4545,CREDIT,TAPHRM,1661.97,USD,2026-07-04 00:00:00,496527293,9446335263,Northstar Payment Solutions,Summit Ridge Bank,DRZR47,Thomas Smith,231326566,1042406975,PRES-MTB-100062,2026-07-04 00:00:00,CHECK_CLEARING,PENDING,PASSED,PASSED,PASSED,PENDING,PENDING,PASSED,,,[],2026-07-04T15:18:05Z,True,2026-07-04T15:18:16Z,2691,30000,False,0,CL-MTB-20260704-9,ACKNOWLEDGED,2026-07-04T15:23:05Z,2026-07-04T19:18:05Z,,,False,False,0,,IDEMP-CHK-MTB-100062,,PASSED,False,2026-05-18 00:00:00,26,47,False,1042406975,2,2,False,[],5,6,2924.47,1111.08,False,45,10000,0.166,1768.73,[],False,PENDING,,,,NOT_POSTED,,CREDIT,19668.17,,19668.17,,NOT_APPLICABLE,,,,,,,,,,,,,,,,,,,,,,,,,,,,,,,,,,,,,,,,,,,,,,,,,,,,,,,,,,,,,,,,,,,,,,,,,,,,,,,,,,,,,,,,,,,,,,,,,,,,,,,,,,,,,,,,,,,,,,,,,,,,,,,,,,,,,,,,,,,,,,,,,,,,,,,,,,,,,,,,
CHEQUE,PRE,CHK-MTB-100065,MERCHANT,MERCH-010,INDIVIDUAL,IND-0079,CREDIT,F59SIM,382,USD,2026-07-10 00:00:00,89021194,4806704660,Vertex Commerce Pay,Cascade Point Bank,VON2AA,Cynthia Flores,345876791,4231602677,PRES-MTB-100065,2026-07-10 00:00:00,CHECK_CLEARING,PENDING,FAILED,PASSED,PASSED,PENDING,PENDING,FAILED,E450,Invalid routing number checksum,['E450'],2026-07-10T08:23:41Z,True,2026-07-10T08:24:01Z,3889,30000,False,0,CL-MTB-20260710-2,REJECTED,2026-07-10T08:28:41Z,2026-07-12T08:23:41Z,,,False,False,0,,IDEMP-CHK-MTB-100065,,PASSED,False,2025-07-26 00:00:00,12,349,False,4231602677,3,4,False,[],3,10,1198.36,824.12,False,52,10000,0.038,467.09,[],False,NOT_SUBMITTED,,,,NOT_POSTED,,CREDIT,29967.19,,29967.19,,NOT_APPLICABLE,,,,,,,,,,,,,,,,,,,,,,,,,,,,,,,,,,,,,,,,,,,,,,,,,,,,,,,,,,,,,,,,,,,,,,,,,,,,,,,,,,,,,,,,,,,,,,,,,,,,,,,,,,,,,,,,,,,,,,,,,,,,,,,,,,,,,,,,,,,,,,,,,,,,,,,,,,,,,,,,
CHEQUE,PRE,CHK-MTB-100061,MERCHANT,MERCH-003,EXTERNAL_INDIVIDUAL,EXT-P-8601,CREDIT,8Y3MEQ,2627.12,USD,2026-07-29 00:00:00,369802729,8112126311,Northstar Payment Solutions,Summit Ridge Bank,ETBKER,Ronald Hernandez,291348138,7433899695,PRES-MTB-100061,2026-07-29 00:00:00,CHECK_CLEARING,PENDING,PASSED,PASSED,DEGRADED,PENDING,PENDING,PASSED,,,[],2026-07-29T15:40:04Z,True,2026-07-29T15:40:10Z,200,30000,False,0,CL-MTB-20260729-5,ACKNOWLEDGED,2026-07-29T15:45:04Z,2026-07-31T15:40:04Z,,,False,False,0,,IDEMP-CHK-MTB-100061,,PASSED,False,2025-09-06 00:00:00,58,326,False,7433899695,2,6,False,[],1,10,5666.61,2022.48,False,57,10000,0.263,2258.1,[],False,PENDING,,,,NOT_POSTED,,CREDIT,16774.87,,16774.87,,NOT_APPLICABLE,,,,,,,,,,,,,,,,,,,,,,,,,,,,,,,,,,,,,,,,,,,,,,,,,,,,,,,,,,,,,,,,,,,,,,,,,,,,,,,,,,,,,,,,,,,,,,,,,,,,,,,,,,,,,,,,,,,,,,,,,,,,,,,,,,,,,,,,,,,,,,,,,,,,,,,,,,,,,,,,
CHEQUE,PRE,CHK-MTB-100057,MERCHANT,MERCH-010,EXTERNAL_INDIVIDUAL,EXT-P-8781,CREDIT,GWWSN1,801.12,USD,2026-08-17 00:00:00,106317582,4806704660,Vertex Commerce Pay,Cascade Point Bank,F4C4RT,Michelle Wilson,814985176,2931544380,PRES-MTB-100057,2026-08-17 00:00:00,CHECK_CLEARING,PENDING,PASSED,PASSED,PASSED,PENDING,PENDING,PASSED,,,[],2026-08-17T01:20:31Z,True,2026-08-17T01:20:46Z,126,30000,False,0,CL-MTB-20260817-4,ACKNOWLEDGED,2026-08-17T01:25:31Z,2026-08-17T05:20:31Z,,,False,False,0,,IDEMP-CHK-MTB-100057,,PASSED,False,2024-10-05 00:00:00,20,681,False,2931544380,1,4,False,[],1,2,3526.17,1280.39,False,30,10000,0.08,975.07,[],False,PENDING,,,,NOT_POSTED,,CREDIT,18086.16,,18086.16,,NOT_APPLICABLE,,,,,,,,,,,,,,,,,,,,,,,,,,,,,,,,,,,,,,,,,,,,,,,,,,,,,,,,,,,,,,,,,,,,,,,,,,,,,,,,,,,,,,,,,,,,,,,,,,,,,,,,,,,,,,,,,,,,,,,,,,,,,,,,,,,,,,,,,,,,,,,,,,,,,,,,,,,,,,,,
CHEQUE,PRE,CHK-MTB-100009,INDIVIDUAL,IND-0025,EXTERNAL_INDIVIDUAL,EXT-P-2945,CREDIT,N8KB6P,4224.22,USD,2026-06-30 00:00:00,362790673,9374062971,Meridian Trust Bank,Ironbridge National Bank,6T8E2C,Barbara Torres,742658859,2906866736,PRES-MTB-100009,2026-06-30 00:00:00,CHECK_CLEARING,PENDING,PASSED,PASSED,PASSED,PENDING,PENDING,PASSED,,,[],2026-06-30T10:32:41Z,True,2026-06-30T10:33:01Z,3926,30000,False,0,CL-MTB-20260630-7,ACKNOWLEDGED,2026-06-30T10:37:41Z,2026-07-01T10:32:41Z,,,False,False,0,,IDEMP-CHK-MTB-100009,,PASSED,False,2025-03-13 00:00:00,19,474,False,2906866736,2,3,False,[],2,2,14690.35,5228.54,False,26,10000,0.422,4043.77,[],False,PENDING,,,,NOT_POSTED,,CREDIT,49849.54,,49849.54,,NOT_APPLICABLE,,,,,,,,,,,,,,,,,,,,,,,,,,,,,,,,,,,,,,,,,,,,,,,,,,,,,,,,,,,,,,,,,,,,,,,,,,,,,,,,,,,,,,,,,,,,,,,,,,,,,,,,,,,,,,,,,,,,,,,,,,,,,,,,,,,,,,,,,,,,,,,,,,,,,,,,,,,,,,,,
CHEQUE,PRE,CHK-MTB-100082,MERCHANT,MERCH-004,EXTERNAL_INDIVIDUAL,EXT-P-8797,CREDIT,AMWNIN,1120.24,USD,2026-07-06 00:00:00,773146839,3061977058,Vertex Commerce Pay,Cascade Point Bank,JRJIR3,Barbara Johnson,3094414,9008152836,PRES-MTB-100082,2026-07-06 00:00:00,CHECK_CLEARING,PENDING,PASSED,PASSED,DEGRADED,PENDING,PENDING,PASSED,,,[],2026-07-06T22:10:19Z,True,2026-07-06T22:10:32Z,3493,30000,False,0,CL-MTB-20260706-7,ACKNOWLEDGED,2026-07-06T22:15:19Z,2026-07-06T23:10:19Z,,,False,False,0,,IDEMP-CHK-MTB-100082,,PASSED,False,2025-12-27 00:00:00,24,191,False,9008152836,1,4,False,[],3,3,4883.29,2113.46,False,33,10000,0.112,1064.05,[],False,PENDING,,,,NOT_POSTED,,CREDIT,43834.42,,43834.42,,NOT_APPLICABLE,,,,,,,,,,,,,,,,,,,,,,,,,,,,,,,,,,,,,,,,,,,,,,,,,,,,,,,,,,,,,,,,,,,,,,,,,,,,,,,,,,,,,,,,,,,,,,,,,,,,,,,,,,,,,,,,,,,,,,,,,,,,,,,,,,,,,,,,,,,,,,,,,,,,,,,,,,,,,,,,
CHEQUE,PRE,CHK-MTB-100021,INDIVIDUAL,IND-0013,INDIVIDUAL,IND-0026,CREDIT,OTD2LH,9374.32,USD,2026-07-07 00:00:00,480990903,2411755318,Meridian Trust Bank,Cascade Point Bank,6E4X97,Kathleen Clark,687538470,3953571611,PRES-MTB-100021,2026-07-07 00:00:00,CHECK_CLEARING,PENDING,PASSED,PASSED,PASSED,PENDING,PENDING,PASSED,,,[],2026-07-07T23:06:03Z,True,2026-07-07T23:06:17Z,4170,30000,False,0,CL-MTB-20260707-6,ACKNOWLEDGED,2026-07-07T23:11:03Z,2026-07-08T03:06:03Z,,,False,False,0,,IDEMP-CHK-MTB-100021,,PASSED,False,2023-08-25 00:00:00,50,1047,False,3953571611,3,4,False,[],3,10,36703.94,12805.75,False,56,10000,0.937,9886.62,[],True,PENDING,,,,NOT_POSTED,,CREDIT,42887.1,,42887.1,,NOT_APPLICABLE,,,,,,,,,,,,,,,,,,,,,,,,,,,,,,,,,,,,,,,,,,,,,,,,,,,,,,,,,,,,,,,,,,,,,,,,,,,,,,,,,,,,,,,,,,,,,,,,,,,,,,,,,,,,,,,,,,,,,,,,,,,,,,,,,,,,,,,,,,,,,,,,,,,,,,,,,,,,,,,,
CHEQUE,PRE,CHK-MTB-100070,MERCHANT,MERCH-007,EXTERNAL_INDIVIDUAL,EXT-P-7333,DEBIT,EAHU1G,3082.09,USD,2026-07-01 00:00:00,863915823,702250308,BrightLedger Payments,Ironbridge National Bank,M6THLX,Robert Thompson,531216799,1216527424,PRES-MTB-100070,2026-07-01 00:00:00,CHECK_CLEARING,PENDING,PASSED,PASSED,DEGRADED,PENDING,PENDING,PASSED,,,[],2026-07-01T13:08:54Z,True,2026-07-01T13:09:12Z,1390,30000,False,0,CL-MTB-20260701-2,ACKNOWLEDGED,2026-07-01T13:13:54Z,2026-07-01T17:08:54Z,,,False,False,0,,IDEMP-CHK-MTB-100070,,PASSED,True,2026-07-01 00:00:00,0,0,False,1216527424,2,3,False,[],1,11,6896.87,2666.71,False,65,10000,0.308,3541.79,[],False,PENDING,,,,NOT_POSTED,,DEBIT,12584.74,,12584.74,,NOT_APPLICABLE,,,,,,,,,,,,,,,,,,,,,,,,,,,,,,,,,,,,,,,,,,,,,,,,,,,,,,,,,,,,,,,,,,,,,,,,,,,,,,,,,,,,,,,,,,,,,,,,,,,,,,,,,,,,,,,,,,,,,,,,,,,,,,,,,,,,,,,,,,,,,,,,,,,,,,,,,,,,,,,,
CHEQUE,PRE,CHK-MTB-100072,MERCHANT,MERCH-010,EXTERNAL_INDIVIDUAL,EXT-P-7391,DEBIT,KLM459,9484.24,USD,2026-07-05 00:00:00,389331089,4806704660,Vertex Commerce Pay,Ironbridge National Bank,C9HOEZ,Nancy Taylor,461938184,4676791708,PRES-MTB-100072,2026-07-05 00:00:00,CHECK_CLEARING,PENDING,PASSED,PASSED,PASSED,PENDING,PENDING,PASSED,,,[],2026-07-05T08:39:18Z,True,2026-07-05T08:39:29Z,902,30000,False,0,CL-MTB-20260705-8,ACKNOWLEDGED,2026-07-05T08:44:18Z,2026-07-06T08:39:18Z,,,False,False,0,,IDEMP-CHK-MTB-100072,,PASSED,False,2026-04-08 00:00:00,55,88,False,4676791708,2,3,False,[],1,3,13041.96,5087.37,False,30,10000,0.948,19978.95,[],True,PENDING,,,,NOT_POSTED,,DEBIT,1850.8,,1850.8,,NOT_APPLICABLE,,,,,,,,,,,,,,,,,,,,,,,,,,,,,,,,,,,,,,,,,,,,,,,,,,,,,,,,,,,,,,,,,,,,,,,,,,,,,,,,,,,,,,,,,,,,,,,,,,,,,,,,,,,,,,,,,,,,,,,,,,,,,,,,,,,,,,,,,,,,,,,,,,,,,,,,,,,,,,,,
CHEQUE,PRE,CHK-MTB-100093,MERCHANT,MERCH-006,INDIVIDUAL,IND-0060,CREDIT,LWUNH3,13388.52,USD,2026-07-26 00:00:00,83941778,3264421990,Meridian Trust Bank,Summit Ridge Bank,O2L09Y,Andrew King,295832665,4239112336,PRES-MTB-100093,2026-07-26 00:00:00,CHECK_CLEARING,PENDING,PASSED,PASSED,PASSED,PENDING,PENDING,PASSED,,,[],2026-07-26T07:32:22Z,True,2026-07-26T07:32:32Z,369,30000,False,91,CL-MTB-20260726-1,ACKNOWLEDGED,2026-07-26T07:37:22Z,2026-07-26T08:32:22Z,,,False,False,0,,IDEMP-CHK-MTB-100093,,PASSED,True,2026-07-26 00:00:00,0,0,False,4239112336,1,2,False,[],1,8,16078.1,9807.96,False,46,10000,1.339,17055.07,[],False,PENDING,,,,NOT_POSTED,,CREDIT,19073.54,,19073.54,,NOT_APPLICABLE,,,,,,,,,,,,,,,,,,,,,,,,,,,,,,,,,,,,,,,,,,,,,,,,,,,,,,,,,,,,,,,,,,,,,,,,,,,,,,,,,,,,,,,,,,,,,,,,,,,,,,,,,,,,,,,,,,,,,,,,,,,,,,,,,,,,,,,,,,,,,,,,,,,,,,,,,,,,,,,,
CHEQUE,PRE,CHK-MTB-100001,INDIVIDUAL,IND-0019,EXTERNAL_INDIVIDUAL,EXT-P-8750,CREDIT,V0UZR1,11620.07,USD,2026-06-25 00:00:00,928775871,8829864786,Meridian Trust Bank,Cascade Point Bank,QH17WQ,Emily Davis,498786628,7631146229,PRES-MTB-100001,2026-06-25 00:00:00,CHECK_CLEARING,PENDING,PASSED,PASSED,DEGRADED,PENDING,PENDING,PASSED,,,[],2026-06-25T20:52:04Z,True,2026-06-25T20:52:15Z,1163,30000,False,91,CL-MTB-20260625-2,ACKNOWLEDGED,2026-06-25T20:57:04Z,2026-06-26T00:52:04Z,,,False,False,0,,IDEMP-CHK-MTB-100001,,PASSED,False,2024-09-16 00:00:00,12,647,False,7631146229,2,5,False,[],1,7,45016.45,20451.26,False,42,10000,1.162,9815.6,[],False,PENDING,,,,NOT_POSTED,,CREDIT,19107.29,,19107.29,,NOT_APPLICABLE,,,,,,,,,,,,,,,,,,,,,,,,,,,,,,,,,,,,,,,,,,,,,,,,,,,,,,,,,,,,,,,,,,,,,,,,,,,,,,,,,,,,,,,,,,,,,,,,,,,,,,,,,,,,,,,,,,,,,,,,,,,,,,,,,,,,,,,,,,,,,,,,,,,,,,,,,,,,,,,,
CHEQUE,PRE,CHK-MTB-100100,MERCHANT,MERCH-008,EXTERNAL_INDIVIDUAL,EXT-P-1211,CREDIT,6JI7O1,1918.09,USD,2026-07-09 00:00:00,531676970,454372367,BrightLedger Payments,Ironbridge National Bank,9PFODX,David Thomas,323867474,2042513000,PRES-MTB-100100,2026-07-09 00:00:00,CHECK_CLEARING,PENDING,PASSED,PASSED,PASSED,PENDING,PENDING,PASSED,,,[],2026-07-09T00:17:30Z,False,,,30000,True,,CL-MTB-20260709-2,PENDING,2026-07-09T00:22:30Z,2026-07-09T12:17:30Z,,,False,False,0,,IDEMP-CHK-MTB-100100,,PASSED,False,2025-11-27 00:00:00,45,224,False,2042513000,8,9,False,[],1,1,2549.23,1500,False,21,10000,0.192,2109.37,[],False,PENDING,,,,NOT_POSTED,,CREDIT,35248.86,,35248.86,,NOT_APPLICABLE,,,,,,,,,,,,,,,,,,,,,,,,,,,,,,,,,,,,,,,,,,,,,,,,,,,,,,,,,,,,,,,,,,,,,,,,,,,,,,,,,,,,,,,,,,,,,,,,,,,,,,,,,,,,,,,,,,,,,,,,,,,,,,,,,,,,,,,,,,,,,,,,,,,,,,,,,,,,,,,,
CHEQUE,PRE,CHK-MTB-100081,MERCHANT,MERCH-010,EXTERNAL_INDIVIDUAL,EXT-P-5649,CREDIT,741F9P,99.66,USD,2026-08-02 00:00:00,464952364,4806704660,Vertex Commerce Pay,Summit Ridge Bank,IERAHL,Ronald Scott,566740162,9026947777,PRES-MTB-100081,2026-08-02 00:00:00,CHECK_CLEARING,PENDING,PASSED,PASSED,DEGRADED,PENDING,PENDING,PASSED,,,[],2026-08-02T11:56:15Z,True,2026-08-02T11:56:32Z,88,30000,False,0,CL-MTB-20260802-1,ACKNOWLEDGED,2026-08-02T12:01:15Z,2026-08-02T12:56:15Z,,,False,False,0,,IDEMP-CHK-MTB-100081,,PASSED,True,2026-08-02 00:00:00,0,0,True,9026947777,5,6,True,[],2,9,383.84,239.95,False,45,10000,0.01,92.26,[],False,PENDING,,,,NOT_POSTED,,CREDIT,18017.57,,18017.57,,NOT_APPLICABLE,,,,,,,,,,,,,,,,,,,,,,,,,,,,,,,,,,,,,,,,,,,,,,,,,,,,,,,,,,,,,,,,,,,,,,,,,,,,,,,,,,,,,,,,,,,,,,,,,,,,,,,,,,,,,,,,,,,,,,,,,,,,,,,,,,,,,,,,,,,,,,,,,,,,,,,,,,,,,,,,
CHEQUE,PRE,CHK-MTB-100073,MERCHANT,MERCH-004,EXTERNAL_INDIVIDUAL,EXT-P-3156,CREDIT,ADFTO8,1343.65,USD,2026-08-04 00:00:00,764585774,3061977058,Vertex Commerce Pay,Cascade Point Bank,ODH9R4,David Harris,760904915,2222293573,PRES-MTB-100073,2026-08-04 00:00:00,CHECK_CLEARING,PENDING,PASSED,PASSED,PASSED,PENDING,PENDING,PASSED,,,[],2026-08-04T08:31:21Z,True,2026-08-04T08:31:36Z,1382,30000,False,0,CL-MTB-20260804-2,ACKNOWLEDGED,2026-08-04T08:36:21Z,2026-08-05T08:31:21Z,,,False,False,0,,IDEMP-CHK-MTB-100073,,PASSED,False,2023-07-01 00:00:00,37,1130,False,2222293573,2,3,False,[],3,13,5303.25,2014.9,True,75,10000,0.134,1386.78,[],False,PENDING,,,,NOT_POSTED,,CREDIT,18101.06,,18101.06,,NOT_APPLICABLE,,,,,,,,,,,,,,,,,,,,,,,,,,,,,,,,,,,,,,,,,,,,,,,,,,,,,,,,,,,,,,,,,,,,,,,,,,,,,,,,,,,,,,,,,,,,,,,,,,,,,,,,,,,,,,,,,,,,,,,,,,,,,,,,,,,,,,,,,,,,,,,,,,,,,,,,,,,,,,,,
CHEQUE,PRE,CHK-MTB-100019,INDIVIDUAL,IND-0055,EXTERNAL_INDIVIDUAL,EXT-P-2628,CREDIT,V695K8,1241.24,USD,2026-07-23 00:00:00,304495421,8064915403,Meridian Trust Bank,Cascade Point Bank,VBQT69,Joshua Allen,874095565,6908277598,PRES-MTB-100019,2026-07-23 00:00:00,CHECK_CLEARING,PENDING,PASSED,PASSED,DEGRADED,PENDING,PENDING,PASSED,,,[],2026-07-23T02:27:33Z,True,2026-07-23T02:27:39Z,448,30000,False,0,CL-MTB-20260723-3,ACKNOWLEDGED,2026-07-23T02:32:33Z,2026-07-24T02:27:33Z,,,False,False,0,,IDEMP-CHK-MTB-100019,,PASSED,True,2026-07-23 00:00:00,0,0,False,6908277598,2,6,False,[],1,8,4757.19,3194.93,False,48,10000,0.124,1207.39,[],False,PENDING,,,,NOT_POSTED,,CREDIT,18246.99,,18246.99,,NOT_APPLICABLE,,,,,,,,,,,,,,,,,,,,,,,,,,,,,,,,,,,,,,,,,,,,,,,,,,,,,,,,,,,,,,,,,,,,,,,,,,,,,,,,,,,,,,,,,,,,,,,,,,,,,,,,,,,,,,,,,,,,,,,,,,,,,,,,,,,,,,,,,,,,,,,,,,,,,,,,,,,,,,,,
CHEQUE,PRE,CHK-MTB-100090,MERCHANT,MERCH-010,EXTERNAL_INDIVIDUAL,EXT-P-8709,CREDIT,FWMNCO,784.74,USD,2026-07-25 00:00:00,824723004,4806704660,Vertex Commerce Pay,Cascade Point Bank,NO6J3H,Maria Rodriguez,579024752,3388692180,PRES-MTB-100090,2026-07-25 00:00:00,CHECK_CLEARING,PENDING,PASSED,PASSED,PASSED,PENDING,PENDING,PASSED,,,[],2026-07-25T18:50:17Z,True,2026-07-25T18:50:35Z,3636,30000,False,0,CL-MTB-20260725-6,ACKNOWLEDGED,2026-07-25T18:55:17Z,2026-07-26T18:50:17Z,,,False,False,0,,IDEMP-CHK-MTB-100090,,PASSED,False,2025-01-01 00:00:00,26,570,False,3388692180,1,3,False,[],1,4,2589.27,1593.91,False,31,10000,0.078,739.22,[],False,PENDING,,,,NOT_POSTED,,CREDIT,41295.76,,41295.76,,NOT_APPLICABLE,,,,,,,,,,,,,,,,,,,,,,,,,,,,,,,,,,,,,,,,,,,,,,,,,,,,,,,,,,,,,,,,,,,,,,,,,,,,,,,,,,,,,,,,,,,,,,,,,,,,,,,,,,,,,,,,,,,,,,,,,,,,,,,,,,,,,,,,,,,,,,,,,,,,,,,,,,,,,,,,
CHEQUE,PRE,CHK-MTB-100015,INDIVIDUAL,IND-0040,EXTERNAL_INDIVIDUAL,EXT-P-6352,CREDIT,2KJXC8,549.07,USD,2026-07-28 00:00:00,598861618,3148973852,Meridian Trust Bank,Cascade Point Bank,8DB0ZD,Kimberly Perez,152641953,4118552913,PRES-MTB-100015,2026-07-28 00:00:00,CHECK_CLEARING,PENDING,PASSED,PASSED,DEGRADED,PENDING,PENDING,PASSED,,,[],2026-07-28T07:15:13Z,True,2026-07-28T07:15:15Z,83,30000,False,91,CL-MTB-20260728-6,ACKNOWLEDGED,2026-07-28T07:20:13Z,2026-07-28T19:15:13Z,,,False,False,0,,IDEMP-CHK-MTB-100015,,PASSED,False,2026-06-22 00:00:00,45,36,False,4118552913,3,3,False,[],3,5,823.6,413.01,False,34,10000,0.055,503.33,[],False,PENDING,,,,NOT_POSTED,,CREDIT,16808.79,,16808.79,,NOT_APPLICABLE,,,,,,,,,,,,,,,,,,,,,,,,,,,,,,,,,,,,,,,,,,,,,,,,,,,,,,,,,,,,,,,,,,,,,,,,,,,,,,,,,,,,,,,,,,,,,,,,,,,,,,,,,,,,,,,,,,,,,,,,,,,,,,,,,,,,,,,,,,,,,,,,,,,,,,,,,,,,,,,,
CHEQUE,PRE,CHK-MTB-100044,INDIVIDUAL,IND-0056,EXTERNAL_INDIVIDUAL,EXT-P-4884,CREDIT,4PMY7E,1477.62,USD,2026-08-05 00:00:00,52191326,3058061826,Meridian Trust Bank,Cascade Point Bank,830I1C,Steven King,559441344,6822140691,PRES-MTB-100044,2026-08-05 00:00:00,CHECK_CLEARING,PENDING,PASSED,PASSED,PASSED,PENDING,PENDING,PASSED,,,[],2026-08-05T06:55:14Z,True,2026-08-05T06:55:20Z,504,30000,False,0,CL-MTB-20260805-6,ACKNOWLEDGED,2026-08-05T07:00:14Z,2026-08-05T10:55:14Z,,,False,False,0,,IDEMP-CHK-MTB-100044,,PASSED,False,2024-05-03 00:00:00,33,824,False,6822140691,1,5,False,[],1,1,4293.65,3228.72,False,11,10000,0.148,1694.7,[],False,PENDING,,,,NOT_POSTED,,CREDIT,33197.52,,33197.52,,NOT_APPLICABLE,,,,,,,,,,,,,,,,,,,,,,,,,,,,,,,,,,,,,,,,,,,,,,,,,,,,,,,,,,,,,,,,,,,,,,,,,,,,,,,,,,,,,,,,,,,,,,,,,,,,,,,,,,,,,,,,,,,,,,,,,,,,,,,,,,,,,,,,,,,,,,,,,,,,,,,,,,,,,,,,
CHEQUE,PRE,CHK-MTB-100055,MERCHANT,MERCH-010,EXTERNAL_INDIVIDUAL,EXT-P-5351,CREDIT,13Z606,10089.89,USD,2026-07-21 00:00:00,871059400,4806704660,Vertex Commerce Pay,Ironbridge National Bank,2O2ZZF,Rebecca Martinez,537113741,7780995597,PRES-MTB-100055,2026-07-21 00:00:00,CHECK_CLEARING,PENDING,PASSED,PASSED,PASSED,PENDING,PENDING,PASSED,,,[],2026-07-21T06:12:57Z,True,2026-07-21T06:13:14Z,4492,30000,False,0,CL-MTB-20260721-1,ACKNOWLEDGED,2026-07-21T06:17:57Z,2026-07-21T18:12:57Z,,,False,False,0,,IDEMP-CHK-MTB-100055,,PASSED,False,2025-07-24 00:00:00,53,362,False,7780995597,1,1,False,[],5,8,24218.91,9244.26,False,49,10000,1.009,11514.93,[],False,PENDING,,,,NOT_POSTED,,CREDIT,32388.76,,32388.76,,NOT_APPLICABLE,,,,,,,,,,,,,,,,,,,,,,,,,,,,,,,,,,,,,,,,,,,,,,,,,,,,,,,,,,,,,,,,,,,,,,,,,,,,,,,,,,,,,,,,,,,,,,,,,,,,,,,,,,,,,,,,,,,,,,,,,,,,,,,,,,,,,,,,,,,,,,,,,,,,,,,,,,,,,,,,
CHEQUE,PRE,CHK-MTB-100087,MERCHANT,MERCH-008,EXTERNAL_INDIVIDUAL,EXT-P-4336,CREDIT,15W8OE,14264.39,USD,2026-07-20 00:00:00,845723504,454372367,BrightLedger Payments,Summit Ridge Bank,1DST0R,Steven Rodriguez,27531739,428133638,PRES-MTB-100087,2026-07-20 00:00:00,CHECK_CLEARING,PENDING,PASSED,PASSED,PASSED,PENDING,PENDING,PASSED,,,[],2026-07-20T18:44:04Z,True,2026-07-20T18:44:13Z,1097,30000,False,0,CL-MTB-20260720-8,ACKNOWLEDGED,2026-07-20T18:49:04Z,2026-07-21T06:44:04Z,,,False,False,0,,IDEMP-CHK-MTB-100087,,PASSED,False,2023-04-08 00:00:00,36,1199,False,428133638,1,5,False,[],1,2,51263.35,19894.18,False,22,10000,1.426,17507.09,[],False,PENDING,,,,NOT_POSTED,,CREDIT,34892.48,,34892.48,,NOT_APPLICABLE,,,,,,,,,,,,,,,,,,,,,,,,,,,,,,,,,,,,,,,,,,,,,,,,,,,,,,,,,,,,,,,,,,,,,,,,,,,,,,,,,,,,,,,,,,,,,,,,,,,,,,,,,,,,,,,,,,,,,,,,,,,,,,,,,,,,,,,,,,,,,,,,,,,,,,,,,,,,,,,,
CHEQUE,PRE,CHK-MTB-100084,MERCHANT,MERCH-009,INDIVIDUAL,IND-0016,CREDIT,S5KRRD,12818.35,USD,2026-07-09 00:00:00,282697040,9446335263,Northstar Payment Solutions,Summit Ridge Bank,1NZ3WB,Laura Jones,356689170,5061690864,PRES-MTB-100084,2026-07-09 00:00:00,CHECK_CLEARING,PENDING,PASSED,PASSED,PASSED,PENDING,PENDING,PASSED,,,[],2026-07-09T12:34:11Z,True,2026-07-09T12:34:14Z,2776,30000,False,91,CL-MTB-20260709-6,ACKNOWLEDGED,2026-07-09T12:39:11Z,2026-07-11T12:34:11Z,,,False,False,0,,IDEMP-CHK-MTB-100084,,PASSED,False,2024-04-09 00:00:00,7,821,False,5061690864,1,3,False,[],2,5,51399.08,19721.79,False,38,10000,1.282,11605.65,[],False,PENDING,,,,NOT_POSTED,,CREDIT,37611.91,,37611.91,,NOT_APPLICABLE,,,,,,,,,,,,,,,,,,,,,,,,,,,,,,,,,,,,,,,,,,,,,,,,,,,,,,,,,,,,,,,,,,,,,,,,,,,,,,,,,,,,,,,,,,,,,,,,,,,,,,,,,,,,,,,,,,,,,,,,,,,,,,,,,,,,,,,,,,,,,,,,,,,,,,,,,,,,,,,,
CHEQUE,PRE,CHK-MTB-100049,INDIVIDUAL,IND-0041,EXTERNAL_INDIVIDUAL,EXT-P-4525,CREDIT,RKR6YX,162.81,USD,2026-07-13 00:00:00,281715626,6128384162,Meridian Trust Bank,Ironbridge National Bank,SON1OP,Carol Perez,164727471,4571240100,PRES-MTB-100049,2026-07-13 00:00:00,CHECK_CLEARING,PENDING,PASSED,PASSED,PASSED,PENDING,PENDING,PASSED,,,[],2026-07-13T04:32:06Z,True,2026-07-13T04:32:12Z,377,30000,False,0,CL-MTB-20260713-6,ACKNOWLEDGED,2026-07-13T04:37:06Z,2026-07-13T08:32:06Z,,,False,False,0,,IDEMP-CHK-MTB-100049,,PASSED,False,2024-01-27 00:00:00,8,898,False,4571240100,3,5,False,[],1,8,552.44,410.13,False,41,10000,0.016,145.5,[],False,PENDING,,,,NOT_POSTED,,CREDIT,32427.68,,32427.68,,NOT_APPLICABLE,,,,,,,,,,,,,,,,,,,,,,,,,,,,,,,,,,,,,,,,,,,,,,,,,,,,,,,,,,,,,,,,,,,,,,,,,,,,,,,,,,,,,,,,,,,,,,,,,,,,,,,,,,,,,,,,,,,,,,,,,,,,,,,,,,,,,,,,,,,,,,,,,,,,,,,,,,,,,,,,
CHEQUE,PRE,CHK-MTB-100033,INDIVIDUAL,IND-0023,EXTERNAL_INDIVIDUAL,EXT-P-3292,DEBIT,Z7APXN,2164.04,USD,2026-07-13 00:00:00,325680827,16593766,Meridian Trust Bank,Cascade Point Bank,JC9N7N,Richard Allen,157127778,2546087320,PRES-MTB-100033,2026-07-13 00:00:00,CHECK_CLEARING,PENDING,PASSED,PASSED,PASSED,PENDING,PENDING,PASSED,,,[],2026-07-13T12:09:39Z,True,2026-07-13T12:09:43Z,2584,30000,False,0,CL-MTB-20260713-6,ACKNOWLEDGED,2026-07-13T12:14:39Z,2026-07-14T00:09:39Z,,,False,False,0,,IDEMP-CHK-MTB-100033,,PASSED,False,2023-06-07 00:00:00,41,1132,False,2546087320,1,5,False,[],3,3,6010.91,3418.86,False,26,10000,0.216,2069.36,[],False,PENDING,,,,NOT_POSTED,,DEBIT,40657.6,,40657.6,,NOT_APPLICABLE,,,,,,,,,,,,,,,,,,,,,,,,,,,,,,,,,,,,,,,,,,,,,,,,,,,,,,,,,,,,,,,,,,,,,,,,,,,,,,,,,,,,,,,,,,,,,,,,,,,,,,,,,,,,,,,,,,,,,,,,,,,,,,,,,,,,,,,,,,,,,,,,,,,,,,,,,,,,,,,,
